municipality_id,treated,supplement,month,incidents
1,1,0,2023-01,27.1
1,1,0,2023-02,32.11
1,1,0,2023-03,26.24
1,1,0,2023-04,33.16
1,1,0,2023-05,36.86
1,1,0,2023-06,38.11
1,1,0,2023-07,30.02
1,1,0,2023-08,33.69
1,1,0,2023-09,30.08
1,1,0,2023-10,31.56
1,1,0,2023-11,30.25
1,1,0,2023-12,34.39
1,1,0,2024-01,32.33
1,1,0,2024-02,36.97
1,1,0,2024-03,34.66
1,1,0,2024-04,31.26
1,1,0,2024-05,31.52
1,1,0,2024-06,34.11
1,1,0,2024-07,31.3
1,1,0,2024-08,32.21
1,1,0,2024-09,33.03
1,1,0,2024-10,26.17
1,1,0,2024-11,33.89
1,1,0,2024-12,26.83
1,1,0,2025-01,33.86
1,1,0,2025-02,41.2
1,1,0,2025-03,37.56
1,1,0,2025-04,31.69
1,1,0,2025-05,30.1
1,1,0,2025-06,36.8
1,1,0,2025-07,35.78
1,1,0,2025-08,28.77
1,1,0,2025-09,34.55
1,1,0,2025-10,30.98
1,1,0,2025-11,34.03
1,1,0,2025-12,35.73
1,1,0,2026-01,30.0
1,1,0,2026-02,31.54
1,1,0,2026-03,36.47
1,1,0,2026-04,34.06
1,1,0,2026-05,25.2
1,1,0,2026-06,26.96
1,1,0,2026-07,28.08
1,1,0,2026-08,29.2
1,1,0,2026-09,25.77
1,1,0,2026-10,29.81
1,1,0,2026-11,28.15
1,1,0,2026-12,28.27
1,1,0,2027-01,29.47
1,1,0,2027-02,28.02
2,1,1,2023-01,36.62
2,1,1,2023-02,34.84
2,1,1,2023-03,39.76
2,1,1,2023-04,38.44
2,1,1,2023-05,37.71
2,1,1,2023-06,37.0
2,1,1,2023-07,37.87
2,1,1,2023-08,43.69
2,1,1,2023-09,36.84
2,1,1,2023-10,39.84
2,1,1,2023-11,37.49
2,1,1,2023-12,39.26
2,1,1,2024-01,33.56
2,1,1,2024-02,43.22
2,1,1,2024-03,40.97
2,1,1,2024-04,37.64
2,1,1,2024-05,41.86
2,1,1,2024-06,40.09
2,1,1,2024-07,40.71
2,1,1,2024-08,38.64
2,1,1,2024-09,36.32
2,1,1,2024-10,34.06
2,1,1,2024-11,40.49
2,1,1,2024-12,37.45
2,1,1,2025-01,40.13
2,1,1,2025-02,36.17
2,1,1,2025-03,38.48
2,1,1,2025-04,37.63
2,1,1,2025-05,43.2
2,1,1,2025-06,39.13
2,1,1,2025-07,40.26
2,1,1,2025-08,42.04
2,1,1,2025-09,44.33
2,1,1,2025-10,37.23
2,1,1,2025-11,35.96
2,1,1,2025-12,33.4
2,1,1,2026-01,36.88
2,1,1,2026-02,33.37
2,1,1,2026-03,33.6
2,1,1,2026-04,42.09
2,1,1,2026-05,32.2
2,1,1,2026-06,38.52
2,1,1,2026-07,33.3
2,1,1,2026-08,33.39
2,1,1,2026-09,31.75
2,1,1,2026-10,29.06
2,1,1,2026-11,35.84
2,1,1,2026-12,28.86
2,1,1,2027-01,34.77
2,1,1,2027-02,35.48
3,0,0,2023-01,40.75
3,0,0,2023-02,50.18
3,0,0,2023-03,42.26
3,0,0,2023-04,44.44
3,0,0,2023-05,40.52
3,0,0,2023-06,42.63
3,0,0,2023-07,46.81
3,0,0,2023-08,45.59
3,0,0,2023-09,43.47
3,0,0,2023-10,43.19
3,0,0,2023-11,39.75
3,0,0,2023-12,46.44
3,0,0,2024-01,43.42
3,0,0,2024-02,44.05
3,0,0,2024-03,42.79
3,0,0,2024-04,44.19
3,0,0,2024-05,43.68
3,0,0,2024-06,46.25
3,0,0,2024-07,42.15
3,0,0,2024-08,44.24
3,0,0,2024-09,45.33
3,0,0,2024-10,45.15
3,0,0,2024-11,39.04
3,0,0,2024-12,37.4
3,0,0,2025-01,42.97
3,0,0,2025-02,42.26
3,0,0,2025-03,45.58
3,0,0,2025-04,47.57
3,0,0,2025-05,48.08
3,0,0,2025-06,45.49
3,0,0,2025-07,42.04
3,0,0,2025-08,43.91
3,0,0,2025-09,40.19
3,0,0,2025-10,49.48
3,0,0,2025-11,38.33
3,0,0,2025-12,40.53
3,0,0,2026-01,40.44
3,0,0,2026-02,43.96
3,0,0,2026-03,49.49
3,0,0,2026-04,45.37
3,0,0,2026-05,45.65
3,0,0,2026-06,49.73
3,0,0,2026-07,44.8
3,0,0,2026-08,41.34
3,0,0,2026-09,43.15
3,0,0,2026-10,42.84
3,0,0,2026-11,46.81
3,0,0,2026-12,43.61
3,0,0,2027-01,49.35
3,0,0,2027-02,44.89
4,1,0,2023-01,35.07
4,1,0,2023-02,26.22
4,1,0,2023-03,34.58
4,1,0,2023-04,30.63
4,1,0,2023-05,39.41
4,1,0,2023-06,30.47
4,1,0,2023-07,31.42
4,1,0,2023-08,35.64
4,1,0,2023-09,28.36
4,1,0,2023-10,30.96
4,1,0,2023-11,26.83
4,1,0,2023-12,33.46
4,1,0,2024-01,27.74
4,1,0,2024-02,30.79
4,1,0,2024-03,33.38
4,1,0,2024-04,28.83
4,1,0,2024-05,34.09
4,1,0,2024-06,35.83
4,1,0,2024-07,34.77
4,1,0,2024-08,35.62
4,1,0,2024-09,35.07
4,1,0,2024-10,27.97
4,1,0,2024-11,32.28
4,1,0,2024-12,26.49
4,1,0,2025-01,32.55
4,1,0,2025-02,28.06
4,1,0,2025-03,35.29
4,1,0,2025-04,34.49
4,1,0,2025-05,32.65
4,1,0,2025-06,30.67
4,1,0,2025-07,30.8
4,1,0,2025-08,19.77
4,1,0,2025-09,32.28
4,1,0,2025-10,30.25
4,1,0,2025-11,32.56
4,1,0,2025-12,27.65
4,1,0,2026-01,24.98
4,1,0,2026-02,28.23
4,1,0,2026-03,25.51
4,1,0,2026-04,34.65
4,1,0,2026-05,22.92
4,1,0,2026-06,26.2
4,1,0,2026-07,27.84
4,1,0,2026-08,28.11
4,1,0,2026-09,28.74
4,1,0,2026-10,26.87
4,1,0,2026-11,23.45
4,1,0,2026-12,27.25
4,1,0,2027-01,29.95
4,1,0,2027-02,27.93
5,0,0,2023-01,26.74
5,0,0,2023-02,25.42
5,0,0,2023-03,26.77
5,0,0,2023-04,31.62
5,0,0,2023-05,22.8
5,0,0,2023-06,33.57
5,0,0,2023-07,28.37
5,0,0,2023-08,30.34
5,0,0,2023-09,29.26
5,0,0,2023-10,25.24
5,0,0,2023-11,22.12
5,0,0,2023-12,26.25
5,0,0,2024-01,29.14
5,0,0,2024-02,21.53
5,0,0,2024-03,38.21
5,0,0,2024-04,27.04
5,0,0,2024-05,29.91
5,0,0,2024-06,30.81
5,0,0,2024-07,28.46
5,0,0,2024-08,29.47
5,0,0,2024-09,28.76
5,0,0,2024-10,30.73
5,0,0,2024-11,19.42
5,0,0,2024-12,25.63
5,0,0,2025-01,26.93
5,0,0,2025-02,27.72
5,0,0,2025-03,26.46
5,0,0,2025-04,30.77
5,0,0,2025-05,28.91
5,0,0,2025-06,29.69
5,0,0,2025-07,26.02
5,0,0,2025-08,25.46
5,0,0,2025-09,29.34
5,0,0,2025-10,25.39
5,0,0,2025-11,29.35
5,0,0,2025-12,23.13
5,0,0,2026-01,24.35
5,0,0,2026-02,31.06
5,0,0,2026-03,27.18
5,0,0,2026-04,26.87
5,0,0,2026-05,30.19
5,0,0,2026-06,27.53
5,0,0,2026-07,21.99
5,0,0,2026-08,26.14
5,0,0,2026-09,24.91
5,0,0,2026-10,23.05
5,0,0,2026-11,25.25
5,0,0,2026-12,26.3
5,0,0,2027-01,28.0
5,0,0,2027-02,27.33
6,1,1,2023-01,37.82
6,1,1,2023-02,41.33
6,1,1,2023-03,41.91
6,1,1,2023-04,39.96
6,1,1,2023-05,40.3
6,1,1,2023-06,44.54
6,1,1,2023-07,37.38
6,1,1,2023-08,45.52
6,1,1,2023-09,38.3
6,1,1,2023-10,33.25
6,1,1,2023-11,37.79
6,1,1,2023-12,41.02
6,1,1,2024-01,41.51
6,1,1,2024-02,39.62
6,1,1,2024-03,41.18
6,1,1,2024-04,39.89
6,1,1,2024-05,42.99
6,1,1,2024-06,38.73
6,1,1,2024-07,41.92
6,1,1,2024-08,37.41
6,1,1,2024-09,42.43
6,1,1,2024-10,43.52
6,1,1,2024-11,38.82
6,1,1,2024-12,39.0
6,1,1,2025-01,40.5
6,1,1,2025-02,47.63
6,1,1,2025-03,40.13
6,1,1,2025-04,48.03
6,1,1,2025-05,41.06
6,1,1,2025-06,42.66
6,1,1,2025-07,39.78
6,1,1,2025-08,38.98
6,1,1,2025-09,43.78
6,1,1,2025-10,39.14
6,1,1,2025-11,41.84
6,1,1,2025-12,42.41
6,1,1,2026-01,38.56
6,1,1,2026-02,42.12
6,1,1,2026-03,45.66
6,1,1,2026-04,39.83
6,1,1,2026-05,35.75
6,1,1,2026-06,34.03
6,1,1,2026-07,32.75
6,1,1,2026-08,28.77
6,1,1,2026-09,39.23
6,1,1,2026-10,30.0
6,1,1,2026-11,36.67
6,1,1,2026-12,30.72
6,1,1,2027-01,30.88
6,1,1,2027-02,33.09
7,0,0,2023-01,54.73
7,0,0,2023-02,59.32
7,0,0,2023-03,62.05
7,0,0,2023-04,55.79
7,0,0,2023-05,61.68
7,0,0,2023-06,57.55
7,0,0,2023-07,56.49
7,0,0,2023-08,58.46
7,0,0,2023-09,53.28
7,0,0,2023-10,52.57
7,0,0,2023-11,55.86
7,0,0,2023-12,52.52
7,0,0,2024-01,58.8
7,0,0,2024-02,55.78
7,0,0,2024-03,60.2
7,0,0,2024-04,58.89
7,0,0,2024-05,62.46
7,0,0,2024-06,61.69
7,0,0,2024-07,56.82
7,0,0,2024-08,56.68
7,0,0,2024-09,56.4
7,0,0,2024-10,58.58
7,0,0,2024-11,54.9
7,0,0,2024-12,60.4
7,0,0,2025-01,61.11
7,0,0,2025-02,60.09
7,0,0,2025-03,58.07
7,0,0,2025-04,58.64
7,0,0,2025-05,60.78
7,0,0,2025-06,59.53
7,0,0,2025-07,57.88
7,0,0,2025-08,59.76
7,0,0,2025-09,54.47
7,0,0,2025-10,54.6
7,0,0,2025-11,54.56
7,0,0,2025-12,60.21
7,0,0,2026-01,56.34
7,0,0,2026-02,53.85
7,0,0,2026-03,57.53
7,0,0,2026-04,58.59
7,0,0,2026-05,58.52
7,0,0,2026-06,61.47
7,0,0,2026-07,59.53
7,0,0,2026-08,61.32
7,0,0,2026-09,65.21
7,0,0,2026-10,55.45
7,0,0,2026-11,60.05
7,0,0,2026-12,54.61
7,0,0,2027-01,56.28
7,0,0,2027-02,60.94
8,0,0,2023-01,23.06
8,0,0,2023-02,24.27
8,0,0,2023-03,30.57
8,0,0,2023-04,22.72
8,0,0,2023-05,29.76
8,0,0,2023-06,26.62
8,0,0,2023-07,30.46
8,0,0,2023-08,25.02
8,0,0,2023-09,23.6
8,0,0,2023-10,28.57
8,0,0,2023-11,24.54
8,0,0,2023-12,26.67
8,0,0,2024-01,26.89
8,0,0,2024-02,23.52
8,0,0,2024-03,26.87
8,0,0,2024-04,27.9
8,0,0,2024-05,25.81
8,0,0,2024-06,26.76
8,0,0,2024-07,24.64
8,0,0,2024-08,20.29
8,0,0,2024-09,21.97
8,0,0,2024-10,19.25
8,0,0,2024-11,23.11
8,0,0,2024-12,28.04
8,0,0,2025-01,28.6
8,0,0,2025-02,28.35
8,0,0,2025-03,24.4
8,0,0,2025-04,26.91
8,0,0,2025-05,25.96
8,0,0,2025-06,29.03
8,0,0,2025-07,29.54
8,0,0,2025-08,33.17
8,0,0,2025-09,25.66
8,0,0,2025-10,22.85
8,0,0,2025-11,24.16
8,0,0,2025-12,32.39
8,0,0,2026-01,28.46
8,0,0,2026-02,24.15
8,0,0,2026-03,26.34
8,0,0,2026-04,28.59
8,0,0,2026-05,25.84
8,0,0,2026-06,25.58
8,0,0,2026-07,24.12
8,0,0,2026-08,25.82
8,0,0,2026-09,21.14
8,0,0,2026-10,24.43
8,0,0,2026-11,19.57
8,0,0,2026-12,25.02
8,0,0,2027-01,25.52
8,0,0,2027-02,33.19
9,0,0,2023-01,21.34
9,0,0,2023-02,26.28
9,0,0,2023-03,28.05
9,0,0,2023-04,24.62
9,0,0,2023-05,29.67
9,0,0,2023-06,26.07
9,0,0,2023-07,22.55
9,0,0,2023-08,22.11
9,0,0,2023-09,26.22
9,0,0,2023-10,26.94
9,0,0,2023-11,28.89
9,0,0,2023-12,24.09
9,0,0,2024-01,29.28
9,0,0,2024-02,30.41
9,0,0,2024-03,26.39
9,0,0,2024-04,26.33
9,0,0,2024-05,26.64
9,0,0,2024-06,25.79
9,0,0,2024-07,27.46
9,0,0,2024-08,18.02
9,0,0,2024-09,25.41
9,0,0,2024-10,26.34
9,0,0,2024-11,21.72
9,0,0,2024-12,24.35
9,0,0,2025-01,24.03
9,0,0,2025-02,27.23
9,0,0,2025-03,29.15
9,0,0,2025-04,28.22
9,0,0,2025-05,29.83
9,0,0,2025-06,30.38
9,0,0,2025-07,22.31
9,0,0,2025-08,25.54
9,0,0,2025-09,26.83
9,0,0,2025-10,24.94
9,0,0,2025-11,22.34
9,0,0,2025-12,28.25
9,0,0,2026-01,21.39
9,0,0,2026-02,28.15
9,0,0,2026-03,29.19
9,0,0,2026-04,30.14
9,0,0,2026-05,27.57
9,0,0,2026-06,26.36
9,0,0,2026-07,27.77
9,0,0,2026-08,25.72
9,0,0,2026-09,21.09
9,0,0,2026-10,22.51
9,0,0,2026-11,26.06
9,0,0,2026-12,23.65
9,0,0,2027-01,26.69
9,0,0,2027-02,25.65
10,1,0,2023-01,37.09
10,1,0,2023-02,41.08
10,1,0,2023-03,33.72
10,1,0,2023-04,38.28
10,1,0,2023-05,37.52
10,1,0,2023-06,34.46
10,1,0,2023-07,36.53
10,1,0,2023-08,42.28
10,1,0,2023-09,34.37
10,1,0,2023-10,35.49
10,1,0,2023-11,37.15
10,1,0,2023-12,34.47
10,1,0,2024-01,30.23
10,1,0,2024-02,39.03
10,1,0,2024-03,34.71
10,1,0,2024-04,29.58
10,1,0,2024-05,34.74
10,1,0,2024-06,34.06
10,1,0,2024-07,39.52
10,1,0,2024-08,33.55
10,1,0,2024-09,39.68
10,1,0,2024-10,37.62
10,1,0,2024-11,34.27
10,1,0,2024-12,33.51
10,1,0,2025-01,40.0
10,1,0,2025-02,38.91
10,1,0,2025-03,36.0
10,1,0,2025-04,36.29
10,1,0,2025-05,39.35
10,1,0,2025-06,40.56
10,1,0,2025-07,38.72
10,1,0,2025-08,42.0
10,1,0,2025-09,35.42
10,1,0,2025-10,34.41
10,1,0,2025-11,39.0
10,1,0,2025-12,34.57
10,1,0,2026-01,40.72
10,1,0,2026-02,33.28
10,1,0,2026-03,34.97
10,1,0,2026-04,36.65
10,1,0,2026-05,35.32
10,1,0,2026-06,31.35
10,1,0,2026-07,34.71
10,1,0,2026-08,25.84
10,1,0,2026-09,27.41
10,1,0,2026-10,28.97
10,1,0,2026-11,30.13
10,1,0,2026-12,26.01
10,1,0,2027-01,33.79
10,1,0,2027-02,30.74
11,1,0,2023-01,31.56
11,1,0,2023-02,32.98
11,1,0,2023-03,40.18
11,1,0,2023-04,34.49
11,1,0,2023-05,35.13
11,1,0,2023-06,37.68
11,1,0,2023-07,33.48
11,1,0,2023-08,31.06
11,1,0,2023-09,30.36
11,1,0,2023-10,37.98
11,1,0,2023-11,29.96
11,1,0,2023-12,33.63
11,1,0,2024-01,37.01
11,1,0,2024-02,37.27
11,1,0,2024-03,40.39
11,1,0,2024-04,37.66
11,1,0,2024-05,42.69
11,1,0,2024-06,38.89
11,1,0,2024-07,32.5
11,1,0,2024-08,33.29
11,1,0,2024-09,31.5
11,1,0,2024-10,30.61
11,1,0,2024-11,30.66
11,1,0,2024-12,35.49
11,1,0,2025-01,41.76
11,1,0,2025-02,37.12
11,1,0,2025-03,37.79
11,1,0,2025-04,38.15
11,1,0,2025-05,40.02
11,1,0,2025-06,38.38
11,1,0,2025-07,35.34
11,1,0,2025-08,42.83
11,1,0,2025-09,34.25
11,1,0,2025-10,32.92
11,1,0,2025-11,33.11
11,1,0,2025-12,34.03
11,1,0,2026-01,42.11
11,1,0,2026-02,34.13
11,1,0,2026-03,34.69
11,1,0,2026-04,30.94
11,1,0,2026-05,28.67
11,1,0,2026-06,31.2
11,1,0,2026-07,33.61
11,1,0,2026-08,26.4
11,1,0,2026-09,25.7
11,1,0,2026-10,30.55
11,1,0,2026-11,30.49
11,1,0,2026-12,26.75
11,1,0,2027-01,26.1
11,1,0,2027-02,31.24
12,1,1,2023-01,27.24
12,1,1,2023-02,34.76
12,1,1,2023-03,30.03
12,1,1,2023-04,31.57
12,1,1,2023-05,32.96
12,1,1,2023-06,33.0
12,1,1,2023-07,34.96
12,1,1,2023-08,30.41
12,1,1,2023-09,34.13
12,1,1,2023-10,31.38
12,1,1,2023-11,32.33
12,1,1,2023-12,33.24
12,1,1,2024-01,30.01
12,1,1,2024-02,32.87
12,1,1,2024-03,29.35
12,1,1,2024-04,36.08
12,1,1,2024-05,37.88
12,1,1,2024-06,33.97
12,1,1,2024-07,25.17
12,1,1,2024-08,30.83
12,1,1,2024-09,33.28
12,1,1,2024-10,33.02
12,1,1,2024-11,31.52
12,1,1,2024-12,33.05
12,1,1,2025-01,34.19
12,1,1,2025-02,36.23
12,1,1,2025-03,35.25
12,1,1,2025-04,35.31
12,1,1,2025-05,37.25
12,1,1,2025-06,33.47
12,1,1,2025-07,34.88
12,1,1,2025-08,32.2
12,1,1,2025-09,31.14
12,1,1,2025-10,36.75
12,1,1,2025-11,25.09
12,1,1,2025-12,31.22
12,1,1,2026-01,34.64
12,1,1,2026-02,33.82
12,1,1,2026-03,34.31
12,1,1,2026-04,29.65
12,1,1,2026-05,31.54
12,1,1,2026-06,23.5
12,1,1,2026-07,21.31
12,1,1,2026-08,24.03
12,1,1,2026-09,25.16
12,1,1,2026-10,24.5
12,1,1,2026-11,32.06
12,1,1,2026-12,21.53
12,1,1,2027-01,22.45
12,1,1,2027-02,19.87
13,1,1,2023-01,33.95
13,1,1,2023-02,41.06
13,1,1,2023-03,48.59
13,1,1,2023-04,40.87
13,1,1,2023-05,46.67
13,1,1,2023-06,40.97
13,1,1,2023-07,42.0
13,1,1,2023-08,40.15
13,1,1,2023-09,43.43
13,1,1,2023-10,41.94
13,1,1,2023-11,39.76
13,1,1,2023-12,40.79
13,1,1,2024-01,40.61
13,1,1,2024-02,41.49
13,1,1,2024-03,43.74
13,1,1,2024-04,42.43
13,1,1,2024-05,41.62
13,1,1,2024-06,38.62
13,1,1,2024-07,37.99
13,1,1,2024-08,39.61
13,1,1,2024-09,36.73
13,1,1,2024-10,39.06
13,1,1,2024-11,42.82
13,1,1,2024-12,41.71
13,1,1,2025-01,38.37
13,1,1,2025-02,41.69
13,1,1,2025-03,43.1
13,1,1,2025-04,43.84
13,1,1,2025-05,42.15
13,1,1,2025-06,43.43
13,1,1,2025-07,40.95
13,1,1,2025-08,39.36
13,1,1,2025-09,40.8
13,1,1,2025-10,44.12
13,1,1,2025-11,37.82
13,1,1,2025-12,41.07
13,1,1,2026-01,41.21
13,1,1,2026-02,46.07
13,1,1,2026-03,42.08
13,1,1,2026-04,40.83
13,1,1,2026-05,34.71
13,1,1,2026-06,41.07
13,1,1,2026-07,41.03
13,1,1,2026-08,40.6
13,1,1,2026-09,38.23
13,1,1,2026-10,29.7
13,1,1,2026-11,34.4
13,1,1,2026-12,29.46
13,1,1,2027-01,31.76
13,1,1,2027-02,29.89
14,1,1,2023-01,27.47
14,1,1,2023-02,32.99
14,1,1,2023-03,30.58
14,1,1,2023-04,30.81
14,1,1,2023-05,24.85
14,1,1,2023-06,35.32
14,1,1,2023-07,26.07
14,1,1,2023-08,28.46
14,1,1,2023-09,24.58
14,1,1,2023-10,26.22
14,1,1,2023-11,24.88
14,1,1,2023-12,32.43
14,1,1,2024-01,25.72
14,1,1,2024-02,27.84
14,1,1,2024-03,31.04
14,1,1,2024-04,33.97
14,1,1,2024-05,30.96
14,1,1,2024-06,32.87
14,1,1,2024-07,27.51
14,1,1,2024-08,24.74
14,1,1,2024-09,25.88
14,1,1,2024-10,27.0
14,1,1,2024-11,20.4
14,1,1,2024-12,27.33
14,1,1,2025-01,27.04
14,1,1,2025-02,34.66
14,1,1,2025-03,30.29
14,1,1,2025-04,27.52
14,1,1,2025-05,31.4
14,1,1,2025-06,34.07
14,1,1,2025-07,33.74
14,1,1,2025-08,27.68
14,1,1,2025-09,24.17
14,1,1,2025-10,28.33
14,1,1,2025-11,29.83
14,1,1,2025-12,30.28
14,1,1,2026-01,28.13
14,1,1,2026-02,28.24
14,1,1,2026-03,27.63
14,1,1,2026-04,29.04
14,1,1,2026-05,23.24
14,1,1,2026-06,25.9
14,1,1,2026-07,26.76
14,1,1,2026-08,26.95
14,1,1,2026-09,26.94
14,1,1,2026-10,21.89
14,1,1,2026-11,25.67
14,1,1,2026-12,23.84
14,1,1,2027-01,20.39
14,1,1,2027-02,22.67
15,1,1,2023-01,19.72
15,1,1,2023-02,23.94
15,1,1,2023-03,23.56
15,1,1,2023-04,18.41
15,1,1,2023-05,24.14
15,1,1,2023-06,20.48
15,1,1,2023-07,21.5
15,1,1,2023-08,17.86
15,1,1,2023-09,19.63
15,1,1,2023-10,22.69
15,1,1,2023-11,22.47
15,1,1,2023-12,24.65
15,1,1,2024-01,23.93
15,1,1,2024-02,23.11
15,1,1,2024-03,21.84
15,1,1,2024-04,19.08
15,1,1,2024-05,23.58
15,1,1,2024-06,19.79
15,1,1,2024-07,25.05
15,1,1,2024-08,18.02
15,1,1,2024-09,21.44
15,1,1,2024-10,21.75
15,1,1,2024-11,17.74
15,1,1,2024-12,24.1
15,1,1,2025-01,20.4
15,1,1,2025-02,20.71
15,1,1,2025-03,21.79
15,1,1,2025-04,22.23
15,1,1,2025-05,16.07
15,1,1,2025-06,21.07
15,1,1,2025-07,21.46
15,1,1,2025-08,19.06
15,1,1,2025-09,23.07
15,1,1,2025-10,19.87
15,1,1,2025-11,20.33
15,1,1,2025-12,21.73
15,1,1,2026-01,21.17
15,1,1,2026-02,21.07
15,1,1,2026-03,23.59
15,1,1,2026-04,23.08
15,1,1,2026-05,15.26
15,1,1,2026-06,15.98
15,1,1,2026-07,14.3
15,1,1,2026-08,18.5
15,1,1,2026-09,17.85
15,1,1,2026-10,15.21
15,1,1,2026-11,17.46
15,1,1,2026-12,14.05
15,1,1,2027-01,12.65
15,1,1,2027-02,16.95
16,1,0,2023-01,32.8
16,1,0,2023-02,45.47
16,1,0,2023-03,39.09
16,1,0,2023-04,39.19
16,1,0,2023-05,45.18
16,1,0,2023-06,34.77
16,1,0,2023-07,39.39
16,1,0,2023-08,43.93
16,1,0,2023-09,42.48
16,1,0,2023-10,37.91
16,1,0,2023-11,40.48
16,1,0,2023-12,37.3
16,1,0,2024-01,38.93
16,1,0,2024-02,42.74
16,1,0,2024-03,39.21
16,1,0,2024-04,43.76
16,1,0,2024-05,37.35
16,1,0,2024-06,36.92
16,1,0,2024-07,44.02
16,1,0,2024-08,35.69
16,1,0,2024-09,36.69
16,1,0,2024-10,38.17
16,1,0,2024-11,43.4
16,1,0,2024-12,35.55
16,1,0,2025-01,43.08
16,1,0,2025-02,42.15
16,1,0,2025-03,44.26
16,1,0,2025-04,46.31
16,1,0,2025-05,37.0
16,1,0,2025-06,42.8
16,1,0,2025-07,39.31
16,1,0,2025-08,41.1
16,1,0,2025-09,41.01
16,1,0,2025-10,39.83
16,1,0,2025-11,41.52
16,1,0,2025-12,41.7
16,1,0,2026-01,44.19
16,1,0,2026-02,43.95
16,1,0,2026-03,34.46
16,1,0,2026-04,31.78
16,1,0,2026-05,34.6
16,1,0,2026-06,34.01
16,1,0,2026-07,32.69
16,1,0,2026-08,40.46
16,1,0,2026-09,35.04
16,1,0,2026-10,34.58
16,1,0,2026-11,33.26
16,1,0,2026-12,36.25
16,1,0,2027-01,34.68
16,1,0,2027-02,35.48
17,0,0,2023-01,33.27
17,0,0,2023-02,33.14
17,0,0,2023-03,33.03
17,0,0,2023-04,27.88
17,0,0,2023-05,26.39
17,0,0,2023-06,30.21
17,0,0,2023-07,31.04
17,0,0,2023-08,30.26
17,0,0,2023-09,29.74
17,0,0,2023-10,30.28
17,0,0,2023-11,28.66
17,0,0,2023-12,27.35
17,0,0,2024-01,34.61
17,0,0,2024-02,30.03
17,0,0,2024-03,24.25
17,0,0,2024-04,34.31
17,0,0,2024-05,34.6
17,0,0,2024-06,32.69
17,0,0,2024-07,21.24
17,0,0,2024-08,32.98
17,0,0,2024-09,27.12
17,0,0,2024-10,28.31
17,0,0,2024-11,23.26
17,0,0,2024-12,29.55
17,0,0,2025-01,32.69
17,0,0,2025-02,30.41
17,0,0,2025-03,30.05
17,0,0,2025-04,31.81
17,0,0,2025-05,30.28
17,0,0,2025-06,27.02
17,0,0,2025-07,27.32
17,0,0,2025-08,30.3
17,0,0,2025-09,31.36
17,0,0,2025-10,33.45
17,0,0,2025-11,24.29
17,0,0,2025-12,25.96
17,0,0,2026-01,29.71
17,0,0,2026-02,36.2
17,0,0,2026-03,32.46
17,0,0,2026-04,27.17
17,0,0,2026-05,28.17
17,0,0,2026-06,34.69
17,0,0,2026-07,26.56
17,0,0,2026-08,31.66
17,0,0,2026-09,25.16
17,0,0,2026-10,26.7
17,0,0,2026-11,26.4
17,0,0,2026-12,34.89
17,0,0,2027-01,32.07
17,0,0,2027-02,29.25
18,0,0,2023-01,37.51
18,0,0,2023-02,34.48
18,0,0,2023-03,40.48
18,0,0,2023-04,42.26
18,0,0,2023-05,43.25
18,0,0,2023-06,39.55
18,0,0,2023-07,35.46
18,0,0,2023-08,36.71
18,0,0,2023-09,36.14
18,0,0,2023-10,30.36
18,0,0,2023-11,38.46
18,0,0,2023-12,43.98
18,0,0,2024-01,37.64
18,0,0,2024-02,35.71
18,0,0,2024-03,37.26
18,0,0,2024-04,42.6
18,0,0,2024-05,42.07
18,0,0,2024-06,38.28
18,0,0,2024-07,39.84
18,0,0,2024-08,35.87
18,0,0,2024-09,40.47
18,0,0,2024-10,34.74
18,0,0,2024-11,35.63
18,0,0,2024-12,39.86
18,0,0,2025-01,42.21
18,0,0,2025-02,37.24
18,0,0,2025-03,38.27
18,0,0,2025-04,37.54
18,0,0,2025-05,36.98
18,0,0,2025-06,40.93
18,0,0,2025-07,37.61
18,0,0,2025-08,38.86
18,0,0,2025-09,33.41
18,0,0,2025-10,41.13
18,0,0,2025-11,33.26
18,0,0,2025-12,39.89
18,0,0,2026-01,35.45
18,0,0,2026-02,37.67
18,0,0,2026-03,37.06
18,0,0,2026-04,44.44
18,0,0,2026-05,38.21
18,0,0,2026-06,41.58
18,0,0,2026-07,38.96
18,0,0,2026-08,41.65
18,0,0,2026-09,35.52
18,0,0,2026-10,40.06
18,0,0,2026-11,32.95
18,0,0,2026-12,34.72
18,0,0,2027-01,36.94
18,0,0,2027-02,47.86
19,1,0,2023-01,38.15
19,1,0,2023-02,37.15
19,1,0,2023-03,38.06
19,1,0,2023-04,41.48
19,1,0,2023-05,37.4
19,1,0,2023-06,44.41
19,1,0,2023-07,37.88
19,1,0,2023-08,36.97
19,1,0,2023-09,36.85
19,1,0,2023-10,37.61
19,1,0,2023-11,38.77
19,1,0,2023-12,41.5
19,1,0,2024-01,45.13
19,1,0,2024-02,35.91
19,1,0,2024-03,38.2
19,1,0,2024-04,39.46
19,1,0,2024-05,36.87
19,1,0,2024-06,36.71
19,1,0,2024-07,36.46
19,1,0,2024-08,35.86
19,1,0,2024-09,39.4
19,1,0,2024-10,38.74
19,1,0,2024-11,44.95
19,1,0,2024-12,44.76
19,1,0,2025-01,42.94
19,1,0,2025-02,36.38
19,1,0,2025-03,43.52
19,1,0,2025-04,41.91
19,1,0,2025-05,39.7
19,1,0,2025-06,36.46
19,1,0,2025-07,43.84
19,1,0,2025-08,43.91
19,1,0,2025-09,36.71
19,1,0,2025-10,36.89
19,1,0,2025-11,37.7
19,1,0,2025-12,35.55
19,1,0,2026-01,42.21
19,1,0,2026-02,36.87
19,1,0,2026-03,39.92
19,1,0,2026-04,33.73
19,1,0,2026-05,37.15
19,1,0,2026-06,32.47
19,1,0,2026-07,35.54
19,1,0,2026-08,35.7
19,1,0,2026-09,33.48
19,1,0,2026-10,31.33
19,1,0,2026-11,30.99
19,1,0,2026-12,32.93
19,1,0,2027-01,29.44
19,1,0,2027-02,35.15
20,0,0,2023-01,38.46
20,0,0,2023-02,34.97
20,0,0,2023-03,35.06
20,0,0,2023-04,34.79
20,0,0,2023-05,37.35
20,0,0,2023-06,43.1
20,0,0,2023-07,38.15
20,0,0,2023-08,33.42
20,0,0,2023-09,35.31
20,0,0,2023-10,40.62
20,0,0,2023-11,34.28
20,0,0,2023-12,36.33
20,0,0,2024-01,35.21
20,0,0,2024-02,42.84
20,0,0,2024-03,38.59
20,0,0,2024-04,38.41
20,0,0,2024-05,41.61
20,0,0,2024-06,40.4
20,0,0,2024-07,40.25
20,0,0,2024-08,38.22
20,0,0,2024-09,44.89
20,0,0,2024-10,40.46
20,0,0,2024-11,33.34
20,0,0,2024-12,40.26
20,0,0,2025-01,37.43
20,0,0,2025-02,40.69
20,0,0,2025-03,38.52
20,0,0,2025-04,40.59
20,0,0,2025-05,37.87
20,0,0,2025-06,38.38
20,0,0,2025-07,33.54
20,0,0,2025-08,35.95
20,0,0,2025-09,33.93
20,0,0,2025-10,37.07
20,0,0,2025-11,37.04
20,0,0,2025-12,35.72
20,0,0,2026-01,40.38
20,0,0,2026-02,42.04
20,0,0,2026-03,38.37
20,0,0,2026-04,37.11
20,0,0,2026-05,36.77
20,0,0,2026-06,37.31
20,0,0,2026-07,40.16
20,0,0,2026-08,42.28
20,0,0,2026-09,40.14
20,0,0,2026-10,35.52
20,0,0,2026-11,40.46
20,0,0,2026-12,35.5
20,0,0,2027-01,36.74
20,0,0,2027-02,37.61
21,0,0,2023-01,32.66
21,0,0,2023-02,29.37
21,0,0,2023-03,33.17
21,0,0,2023-04,30.47
21,0,0,2023-05,34.87
21,0,0,2023-06,28.04
21,0,0,2023-07,22.47
21,0,0,2023-08,29.49
21,0,0,2023-09,29.32
21,0,0,2023-10,26.79
21,0,0,2023-11,21.85
21,0,0,2023-12,30.29
21,0,0,2024-01,33.83
21,0,0,2024-02,28.66
21,0,0,2024-03,31.18
21,0,0,2024-04,32.51
21,0,0,2024-05,36.3
21,0,0,2024-06,29.16
21,0,0,2024-07,31.87
21,0,0,2024-08,29.88
21,0,0,2024-09,25.78
21,0,0,2024-10,35.63
21,0,0,2024-11,26.56
21,0,0,2024-12,23.44
21,0,0,2025-01,31.92
21,0,0,2025-02,29.41
21,0,0,2025-03,25.51
21,0,0,2025-04,33.82
21,0,0,2025-05,27.2
21,0,0,2025-06,24.83
21,0,0,2025-07,38.51
21,0,0,2025-08,29.72
21,0,0,2025-09,29.79
21,0,0,2025-10,32.38
21,0,0,2025-11,27.65
21,0,0,2025-12,31.3
21,0,0,2026-01,35.73
21,0,0,2026-02,30.12
21,0,0,2026-03,29.97
21,0,0,2026-04,28.33
21,0,0,2026-05,30.89
21,0,0,2026-06,30.41
21,0,0,2026-07,32.38
21,0,0,2026-08,26.17
21,0,0,2026-09,24.35
21,0,0,2026-10,28.94
21,0,0,2026-11,28.57
21,0,0,2026-12,28.58
21,0,0,2027-01,26.86
21,0,0,2027-02,26.28
22,0,0,2023-01,28.16
22,0,0,2023-02,33.63
22,0,0,2023-03,24.05
22,0,0,2023-04,26.51
22,0,0,2023-05,28.65
22,0,0,2023-06,23.44
22,0,0,2023-07,26.58
22,0,0,2023-08,21.21
22,0,0,2023-09,28.91
22,0,0,2023-10,21.28
22,0,0,2023-11,18.59
22,0,0,2023-12,28.42
22,0,0,2024-01,30.25
22,0,0,2024-02,28.55
22,0,0,2024-03,21.91
22,0,0,2024-04,29.14
22,0,0,2024-05,26.42
22,0,0,2024-06,27.62
22,0,0,2024-07,31.74
22,0,0,2024-08,22.79
22,0,0,2024-09,27.53
22,0,0,2024-10,24.46
22,0,0,2024-11,25.42
22,0,0,2024-12,28.08
22,0,0,2025-01,29.08
22,0,0,2025-02,36.07
22,0,0,2025-03,23.8
22,0,0,2025-04,29.59
22,0,0,2025-05,31.84
22,0,0,2025-06,31.12
22,0,0,2025-07,24.2
22,0,0,2025-08,25.7
22,0,0,2025-09,21.38
22,0,0,2025-10,28.79
22,0,0,2025-11,22.25
22,0,0,2025-12,22.0
22,0,0,2026-01,26.36
22,0,0,2026-02,25.54
22,0,0,2026-03,27.45
22,0,0,2026-04,31.8
22,0,0,2026-05,25.8
22,0,0,2026-06,29.58
22,0,0,2026-07,26.13
22,0,0,2026-08,27.08
22,0,0,2026-09,23.94
22,0,0,2026-10,27.82
22,0,0,2026-11,26.86
22,0,0,2026-12,30.33
22,0,0,2027-01,23.28
22,0,0,2027-02,25.39
23,0,0,2023-01,27.86
23,0,0,2023-02,25.81
23,0,0,2023-03,25.1
23,0,0,2023-04,31.62
23,0,0,2023-05,26.48
23,0,0,2023-06,21.14
23,0,0,2023-07,27.4
23,0,0,2023-08,22.87
23,0,0,2023-09,26.13
23,0,0,2023-10,25.32
23,0,0,2023-11,24.38
23,0,0,2023-12,26.34
23,0,0,2024-01,28.12
23,0,0,2024-02,31.08
23,0,0,2024-03,27.8
23,0,0,2024-04,30.2
23,0,0,2024-05,22.68
23,0,0,2024-06,30.11
23,0,0,2024-07,28.46
23,0,0,2024-08,26.01
23,0,0,2024-09,30.88
23,0,0,2024-10,23.12
23,0,0,2024-11,24.55
23,0,0,2024-12,26.77
23,0,0,2025-01,31.76
23,0,0,2025-02,28.78
23,0,0,2025-03,28.24
23,0,0,2025-04,25.34
23,0,0,2025-05,29.68
23,0,0,2025-06,22.55
23,0,0,2025-07,29.25
23,0,0,2025-08,23.42
23,0,0,2025-09,25.07
23,0,0,2025-10,21.87
23,0,0,2025-11,28.57
23,0,0,2025-12,28.97
23,0,0,2026-01,27.42
23,0,0,2026-02,28.2
23,0,0,2026-03,29.63
23,0,0,2026-04,26.68
23,0,0,2026-05,26.39
23,0,0,2026-06,31.13
23,0,0,2026-07,25.98
23,0,0,2026-08,28.05
23,0,0,2026-09,23.74
23,0,0,2026-10,23.79
23,0,0,2026-11,22.77
23,0,0,2026-12,20.26
23,0,0,2027-01,24.84
23,0,0,2027-02,26.91
24,0,0,2023-01,34.22
24,0,0,2023-02,38.75
24,0,0,2023-03,34.23
24,0,0,2023-04,38.68
24,0,0,2023-05,38.76
24,0,0,2023-06,33.36
24,0,0,2023-07,41.44
24,0,0,2023-08,40.86
24,0,0,2023-09,34.87
24,0,0,2023-10,37.33
24,0,0,2023-11,40.49
24,0,0,2023-12,36.1
24,0,0,2024-01,34.73
24,0,0,2024-02,40.89
24,0,0,2024-03,43.17
24,0,0,2024-04,39.76
24,0,0,2024-05,45.03
24,0,0,2024-06,41.47
24,0,0,2024-07,38.95
24,0,0,2024-08,37.18
24,0,0,2024-09,36.12
24,0,0,2024-10,38.02
24,0,0,2024-11,37.77
24,0,0,2024-12,37.54
24,0,0,2025-01,45.4
24,0,0,2025-02,39.87
24,0,0,2025-03,38.78
24,0,0,2025-04,40.27
24,0,0,2025-05,39.8
24,0,0,2025-06,35.17
24,0,0,2025-07,30.47
24,0,0,2025-08,38.02
24,0,0,2025-09,40.3
24,0,0,2025-10,37.71
24,0,0,2025-11,37.97
24,0,0,2025-12,40.24
24,0,0,2026-01,42.01
24,0,0,2026-02,39.12
24,0,0,2026-03,38.46
24,0,0,2026-04,35.96
24,0,0,2026-05,42.69
24,0,0,2026-06,41.34
24,0,0,2026-07,37.34
24,0,0,2026-08,32.31
24,0,0,2026-09,39.51
24,0,0,2026-10,35.74
24,0,0,2026-11,37.61
24,0,0,2026-12,39.39
24,0,0,2027-01,39.69
24,0,0,2027-02,39.82
25,0,0,2023-01,9.73
25,0,0,2023-02,17.29
25,0,0,2023-03,20.87
25,0,0,2023-04,19.47
25,0,0,2023-05,18.33
25,0,0,2023-06,17.76
25,0,0,2023-07,18.98
25,0,0,2023-08,16.48
25,0,0,2023-09,16.91
25,0,0,2023-10,18.73
25,0,0,2023-11,18.63
25,0,0,2023-12,18.17
25,0,0,2024-01,22.69
25,0,0,2024-02,21.99
25,0,0,2024-03,20.55
25,0,0,2024-04,22.66
25,0,0,2024-05,19.92
25,0,0,2024-06,17.66
25,0,0,2024-07,20.66
25,0,0,2024-08,16.73
25,0,0,2024-09,20.73
25,0,0,2024-10,17.25
25,0,0,2024-11,17.31
25,0,0,2024-12,11.8
25,0,0,2025-01,19.84
25,0,0,2025-02,16.05
25,0,0,2025-03,21.87
25,0,0,2025-04,19.75
25,0,0,2025-05,14.41
25,0,0,2025-06,18.69
25,0,0,2025-07,14.3
25,0,0,2025-08,15.01
25,0,0,2025-09,18.23
25,0,0,2025-10,21.96
25,0,0,2025-11,22.23
25,0,0,2025-12,19.77
25,0,0,2026-01,19.35
25,0,0,2026-02,22.15
25,0,0,2026-03,24.38
25,0,0,2026-04,12.07
25,0,0,2026-05,19.02
25,0,0,2026-06,17.75
25,0,0,2026-07,15.74
25,0,0,2026-08,18.87
25,0,0,2026-09,18.07
25,0,0,2026-10,15.59
25,0,0,2026-11,11.68
25,0,0,2026-12,14.51
25,0,0,2027-01,13.02
25,0,0,2027-02,15.38
26,1,0,2023-01,45.99
26,1,0,2023-02,39.38
26,1,0,2023-03,38.91
26,1,0,2023-04,37.96
26,1,0,2023-05,39.44
26,1,0,2023-06,42.1
26,1,0,2023-07,40.21
26,1,0,2023-08,38.02
26,1,0,2023-09,31.85
26,1,0,2023-10,42.65
26,1,0,2023-11,38.64
26,1,0,2023-12,37.48
26,1,0,2024-01,34.28
26,1,0,2024-02,40.43
26,1,0,2024-03,32.18
26,1,0,2024-04,40.22
26,1,0,2024-05,42.59
26,1,0,2024-06,36.85
26,1,0,2024-07,40.99
26,1,0,2024-08,42.53
26,1,0,2024-09,40.39
26,1,0,2024-10,39.5
26,1,0,2024-11,30.12
26,1,0,2024-12,41.49
26,1,0,2025-01,38.07
26,1,0,2025-02,36.59
26,1,0,2025-03,42.6
26,1,0,2025-04,43.6
26,1,0,2025-05,43.38
26,1,0,2025-06,36.27
26,1,0,2025-07,35.55
26,1,0,2025-08,42.33
26,1,0,2025-09,36.94
26,1,0,2025-10,38.38
26,1,0,2025-11,43.17
26,1,0,2025-12,40.12
26,1,0,2026-01,33.81
26,1,0,2026-02,34.64
26,1,0,2026-03,44.55
26,1,0,2026-04,38.41
26,1,0,2026-05,35.42
26,1,0,2026-06,33.65
26,1,0,2026-07,34.13
26,1,0,2026-08,31.97
26,1,0,2026-09,35.92
26,1,0,2026-10,37.05
26,1,0,2026-11,34.36
26,1,0,2026-12,35.15
26,1,0,2027-01,35.18
26,1,0,2027-02,38.78
27,1,0,2023-01,42.62
27,1,0,2023-02,37.52
27,1,0,2023-03,37.21
27,1,0,2023-04,35.43
27,1,0,2023-05,38.64
27,1,0,2023-06,37.51
27,1,0,2023-07,47.96
27,1,0,2023-08,40.94
27,1,0,2023-09,42.64
27,1,0,2023-10,42.08
27,1,0,2023-11,33.08
27,1,0,2023-12,34.94
27,1,0,2024-01,39.3
27,1,0,2024-02,38.71
27,1,0,2024-03,44.01
27,1,0,2024-04,43.99
27,1,0,2024-05,40.61
27,1,0,2024-06,39.2
27,1,0,2024-07,38.45
27,1,0,2024-08,41.36
27,1,0,2024-09,35.59
27,1,0,2024-10,38.01
27,1,0,2024-11,31.41
27,1,0,2024-12,33.89
27,1,0,2025-01,31.45
27,1,0,2025-02,41.75
27,1,0,2025-03,42.95
27,1,0,2025-04,39.56
27,1,0,2025-05,44.69
27,1,0,2025-06,37.12
27,1,0,2025-07,40.91
27,1,0,2025-08,36.02
27,1,0,2025-09,40.5
27,1,0,2025-10,37.54
27,1,0,2025-11,41.92
27,1,0,2025-12,41.0
27,1,0,2026-01,37.31
27,1,0,2026-02,39.15
27,1,0,2026-03,41.0
27,1,0,2026-04,38.23
27,1,0,2026-05,33.4
27,1,0,2026-06,34.32
27,1,0,2026-07,34.42
27,1,0,2026-08,32.38
27,1,0,2026-09,32.05
27,1,0,2026-10,34.14
27,1,0,2026-11,31.7
27,1,0,2026-12,28.08
27,1,0,2027-01,30.68
27,1,0,2027-02,32.07
28,0,0,2023-01,44.11
28,0,0,2023-02,46.59
28,0,0,2023-03,44.8
28,0,0,2023-04,48.78
28,0,0,2023-05,44.61
28,0,0,2023-06,47.55
28,0,0,2023-07,49.93
28,0,0,2023-08,46.04
28,0,0,2023-09,43.02
28,0,0,2023-10,41.36
28,0,0,2023-11,42.09
28,0,0,2023-12,35.36
28,0,0,2024-01,46.43
28,0,0,2024-02,46.04
28,0,0,2024-03,48.55
28,0,0,2024-04,43.91
28,0,0,2024-05,50.37
28,0,0,2024-06,47.57
28,0,0,2024-07,47.17
28,0,0,2024-08,41.58
28,0,0,2024-09,44.91
28,0,0,2024-10,42.84
28,0,0,2024-11,43.94
28,0,0,2024-12,38.17
28,0,0,2025-01,45.55
28,0,0,2025-02,49.94
28,0,0,2025-03,48.82
28,0,0,2025-04,47.82
28,0,0,2025-05,43.72
28,0,0,2025-06,48.86
28,0,0,2025-07,42.23
28,0,0,2025-08,43.28
28,0,0,2025-09,38.83
28,0,0,2025-10,42.14
28,0,0,2025-11,42.89
28,0,0,2025-12,46.33
28,0,0,2026-01,44.62
28,0,0,2026-02,46.69
28,0,0,2026-03,52.8
28,0,0,2026-04,43.55
28,0,0,2026-05,48.5
28,0,0,2026-06,48.44
28,0,0,2026-07,47.02
28,0,0,2026-08,47.03
28,0,0,2026-09,45.7
28,0,0,2026-10,46.37
28,0,0,2026-11,43.95
28,0,0,2026-12,43.58
28,0,0,2027-01,44.05
28,0,0,2027-02,46.15
29,1,1,2023-01,19.85
29,1,1,2023-02,19.36
29,1,1,2023-03,27.62
29,1,1,2023-04,16.58
29,1,1,2023-05,23.64
29,1,1,2023-06,27.79
29,1,1,2023-07,24.28
29,1,1,2023-08,21.25
29,1,1,2023-09,22.73
29,1,1,2023-10,25.23
29,1,1,2023-11,21.9
29,1,1,2023-12,21.5
29,1,1,2024-01,24.2
29,1,1,2024-02,29.59
29,1,1,2024-03,24.15
29,1,1,2024-04,18.66
29,1,1,2024-05,26.21
29,1,1,2024-06,25.74
29,1,1,2024-07,24.77
29,1,1,2024-08,28.19
29,1,1,2024-09,17.89
29,1,1,2024-10,21.49
29,1,1,2024-11,19.85
29,1,1,2024-12,25.38
29,1,1,2025-01,28.07
29,1,1,2025-02,21.49
29,1,1,2025-03,22.3
29,1,1,2025-04,26.16
29,1,1,2025-05,25.18
29,1,1,2025-06,25.19
29,1,1,2025-07,23.35
29,1,1,2025-08,24.93
29,1,1,2025-09,24.65
29,1,1,2025-10,19.43
29,1,1,2025-11,20.65
29,1,1,2025-12,27.35
29,1,1,2026-01,23.96
29,1,1,2026-02,29.02
29,1,1,2026-03,18.44
29,1,1,2026-04,24.25
29,1,1,2026-05,23.9
29,1,1,2026-06,21.11
29,1,1,2026-07,13.5
29,1,1,2026-08,13.35
29,1,1,2026-09,14.59
29,1,1,2026-10,13.31
29,1,1,2026-11,14.93
29,1,1,2026-12,18.93
29,1,1,2027-01,14.81
29,1,1,2027-02,16.83
30,0,0,2023-01,37.2
30,0,0,2023-02,28.86
30,0,0,2023-03,33.3
30,0,0,2023-04,36.07
30,0,0,2023-05,36.12
30,0,0,2023-06,39.66
30,0,0,2023-07,32.68
30,0,0,2023-08,31.02
30,0,0,2023-09,32.15
30,0,0,2023-10,35.54
30,0,0,2023-11,33.27
30,0,0,2023-12,33.33
30,0,0,2024-01,31.97
30,0,0,2024-02,36.55
30,0,0,2024-03,35.55
30,0,0,2024-04,38.1
30,0,0,2024-05,36.78
30,0,0,2024-06,38.47
30,0,0,2024-07,35.53
30,0,0,2024-08,29.35
30,0,0,2024-09,35.03
30,0,0,2024-10,36.23
30,0,0,2024-11,31.78
30,0,0,2024-12,33.97
30,0,0,2025-01,29.83
30,0,0,2025-02,30.73
30,0,0,2025-03,34.24
30,0,0,2025-04,37.69
30,0,0,2025-05,32.9
30,0,0,2025-06,38.0
30,0,0,2025-07,35.16
30,0,0,2025-08,33.22
30,0,0,2025-09,33.59
30,0,0,2025-10,35.21
30,0,0,2025-11,32.13
30,0,0,2025-12,37.63
30,0,0,2026-01,37.86
30,0,0,2026-02,29.77
30,0,0,2026-03,37.84
30,0,0,2026-04,34.07
30,0,0,2026-05,36.41
30,0,0,2026-06,35.73
30,0,0,2026-07,33.32
30,0,0,2026-08,37.44
30,0,0,2026-09,36.5
30,0,0,2026-10,32.71
30,0,0,2026-11,31.8
30,0,0,2026-12,35.93
30,0,0,2027-01,38.98
30,0,0,2027-02,37.59
31,1,0,2023-01,43.65
31,1,0,2023-02,46.4
31,1,0,2023-03,46.1
31,1,0,2023-04,40.83
31,1,0,2023-05,44.05
31,1,0,2023-06,44.26
31,1,0,2023-07,38.59
31,1,0,2023-08,39.25
31,1,0,2023-09,36.84
31,1,0,2023-10,41.72
31,1,0,2023-11,40.63
31,1,0,2023-12,47.78
31,1,0,2024-01,41.3
31,1,0,2024-02,39.38
31,1,0,2024-03,43.97
31,1,0,2024-04,44.14
31,1,0,2024-05,39.82
31,1,0,2024-06,41.25
31,1,0,2024-07,37.72
31,1,0,2024-08,41.42
31,1,0,2024-09,45.82
31,1,0,2024-10,41.6
31,1,0,2024-11,41.61
31,1,0,2024-12,39.85
31,1,0,2025-01,45.85
31,1,0,2025-02,43.46
31,1,0,2025-03,47.75
31,1,0,2025-04,42.55
31,1,0,2025-05,46.36
31,1,0,2025-06,36.14
31,1,0,2025-07,45.09
31,1,0,2025-08,45.05
31,1,0,2025-09,41.08
31,1,0,2025-10,42.95
31,1,0,2025-11,39.61
31,1,0,2025-12,41.91
31,1,0,2026-01,41.27
31,1,0,2026-02,37.89
31,1,0,2026-03,43.07
31,1,0,2026-04,38.17
31,1,0,2026-05,38.11
31,1,0,2026-06,38.74
31,1,0,2026-07,33.74
31,1,0,2026-08,36.79
31,1,0,2026-09,30.75
31,1,0,2026-10,37.85
31,1,0,2026-11,35.39
31,1,0,2026-12,38.04
31,1,0,2027-01,37.92
31,1,0,2027-02,40.99
32,0,0,2023-01,22.26
32,0,0,2023-02,26.79
32,0,0,2023-03,25.86
32,0,0,2023-04,26.42
32,0,0,2023-05,29.38
32,0,0,2023-06,27.98
32,0,0,2023-07,31.33
32,0,0,2023-08,23.19
32,0,0,2023-09,24.45
32,0,0,2023-10,21.64
32,0,0,2023-11,19.41
32,0,0,2023-12,26.87
32,0,0,2024-01,28.78
32,0,0,2024-02,26.23
32,0,0,2024-03,29.12
32,0,0,2024-04,29.57
32,0,0,2024-05,29.05
32,0,0,2024-06,30.02
32,0,0,2024-07,25.31
32,0,0,2024-08,24.78
32,0,0,2024-09,25.12
32,0,0,2024-10,26.24
32,0,0,2024-11,26.95
32,0,0,2024-12,27.63
32,0,0,2025-01,23.7
32,0,0,2025-02,28.89
32,0,0,2025-03,20.66
32,0,0,2025-04,23.43
32,0,0,2025-05,30.53
32,0,0,2025-06,32.05
32,0,0,2025-07,26.71
32,0,0,2025-08,27.48
32,0,0,2025-09,25.25
32,0,0,2025-10,23.01
32,0,0,2025-11,20.55
32,0,0,2025-12,23.72
32,0,0,2026-01,23.65
32,0,0,2026-02,27.56
32,0,0,2026-03,35.54
32,0,0,2026-04,29.54
32,0,0,2026-05,31.52
32,0,0,2026-06,31.05
32,0,0,2026-07,25.46
32,0,0,2026-08,24.77
32,0,0,2026-09,26.85
32,0,0,2026-10,28.36
32,0,0,2026-11,26.85
32,0,0,2026-12,28.66
32,0,0,2027-01,25.21
32,0,0,2027-02,31.23
33,1,1,2023-01,51.11
33,1,1,2023-02,52.7
33,1,1,2023-03,51.37
33,1,1,2023-04,50.31
33,1,1,2023-05,50.64
33,1,1,2023-06,54.38
33,1,1,2023-07,52.15
33,1,1,2023-08,45.51
33,1,1,2023-09,51.29
33,1,1,2023-10,47.84
33,1,1,2023-11,55.44
33,1,1,2023-12,50.28
33,1,1,2024-01,53.53
33,1,1,2024-02,53.16
33,1,1,2024-03,54.76
33,1,1,2024-04,51.9
33,1,1,2024-05,58.83
33,1,1,2024-06,53.24
33,1,1,2024-07,48.58
33,1,1,2024-08,51.58
33,1,1,2024-09,48.18
33,1,1,2024-10,47.8
33,1,1,2024-11,49.43
33,1,1,2024-12,43.81
33,1,1,2025-01,55.5
33,1,1,2025-02,52.9
33,1,1,2025-03,52.15
33,1,1,2025-04,50.44
33,1,1,2025-05,55.94
33,1,1,2025-06,50.16
33,1,1,2025-07,52.94
33,1,1,2025-08,50.48
33,1,1,2025-09,50.53
33,1,1,2025-10,48.96
33,1,1,2025-11,50.87
33,1,1,2025-12,47.75
33,1,1,2026-01,51.46
33,1,1,2026-02,56.05
33,1,1,2026-03,45.78
33,1,1,2026-04,47.48
33,1,1,2026-05,50.04
33,1,1,2026-06,44.45
33,1,1,2026-07,49.24
33,1,1,2026-08,42.75
33,1,1,2026-09,47.01
33,1,1,2026-10,38.77
33,1,1,2026-11,45.43
33,1,1,2026-12,40.87
33,1,1,2027-01,43.51
33,1,1,2027-02,43.62
34,0,0,2023-01,30.32
34,0,0,2023-02,29.02
34,0,0,2023-03,33.62
34,0,0,2023-04,26.95
34,0,0,2023-05,26.5
34,0,0,2023-06,20.61
34,0,0,2023-07,29.26
34,0,0,2023-08,25.14
34,0,0,2023-09,26.83
34,0,0,2023-10,25.91
34,0,0,2023-11,23.48
34,0,0,2023-12,28.97
34,0,0,2024-01,26.95
34,0,0,2024-02,25.62
34,0,0,2024-03,27.41
34,0,0,2024-04,27.56
34,0,0,2024-05,32.6
34,0,0,2024-06,29.88
34,0,0,2024-07,24.92
34,0,0,2024-08,29.61
34,0,0,2024-09,25.76
34,0,0,2024-10,19.84
34,0,0,2024-11,21.57
34,0,0,2024-12,22.93
34,0,0,2025-01,32.86
34,0,0,2025-02,26.38
34,0,0,2025-03,25.48
34,0,0,2025-04,28.0
34,0,0,2025-05,31.16
34,0,0,2025-06,24.0
34,0,0,2025-07,26.74
34,0,0,2025-08,30.82
34,0,0,2025-09,26.27
34,0,0,2025-10,27.27
34,0,0,2025-11,25.69
34,0,0,2025-12,28.97
34,0,0,2026-01,26.31
34,0,0,2026-02,27.11
34,0,0,2026-03,26.35
34,0,0,2026-04,32.07
34,0,0,2026-05,26.81
34,0,0,2026-06,29.62
34,0,0,2026-07,31.07
34,0,0,2026-08,27.08
34,0,0,2026-09,23.28
34,0,0,2026-10,32.87
34,0,0,2026-11,28.8
34,0,0,2026-12,29.89
34,0,0,2027-01,27.67
34,0,0,2027-02,33.72
35,0,0,2023-01,31.7
35,0,0,2023-02,28.86
35,0,0,2023-03,32.71
35,0,0,2023-04,29.09
35,0,0,2023-05,28.94
35,0,0,2023-06,25.83
35,0,0,2023-07,25.15
35,0,0,2023-08,26.77
35,0,0,2023-09,21.57
35,0,0,2023-10,28.5
35,0,0,2023-11,28.39
35,0,0,2023-12,29.31
35,0,0,2024-01,25.51
35,0,0,2024-02,28.39
35,0,0,2024-03,29.72
35,0,0,2024-04,28.61
35,0,0,2024-05,21.51
35,0,0,2024-06,27.99
35,0,0,2024-07,27.63
35,0,0,2024-08,25.27
35,0,0,2024-09,25.1
35,0,0,2024-10,24.38
35,0,0,2024-11,27.75
35,0,0,2024-12,31.06
35,0,0,2025-01,26.47
35,0,0,2025-02,31.65
35,0,0,2025-03,29.38
35,0,0,2025-04,28.48
35,0,0,2025-05,27.4
35,0,0,2025-06,25.94
35,0,0,2025-07,27.17
35,0,0,2025-08,27.49
35,0,0,2025-09,26.6
35,0,0,2025-10,29.06
35,0,0,2025-11,31.06
35,0,0,2025-12,29.86
35,0,0,2026-01,34.58
35,0,0,2026-02,26.05
35,0,0,2026-03,30.4
35,0,0,2026-04,31.22
35,0,0,2026-05,29.84
35,0,0,2026-06,33.02
35,0,0,2026-07,25.62
35,0,0,2026-08,31.18
35,0,0,2026-09,28.41
35,0,0,2026-10,23.94
35,0,0,2026-11,24.54
35,0,0,2026-12,30.55
35,0,0,2027-01,26.68
35,0,0,2027-02,29.41
36,0,0,2023-01,52.61
36,0,0,2023-02,47.69
36,0,0,2023-03,55.58
36,0,0,2023-04,54.44
36,0,0,2023-05,57.93
36,0,0,2023-06,54.56
36,0,0,2023-07,48.95
36,0,0,2023-08,47.17
36,0,0,2023-09,56.5
36,0,0,2023-10,51.85
36,0,0,2023-11,46.41
36,0,0,2023-12,52.74
36,0,0,2024-01,49.75
36,0,0,2024-02,53.49
36,0,0,2024-03,55.02
36,0,0,2024-04,53.05
36,0,0,2024-05,48.05
36,0,0,2024-06,49.66
36,0,0,2024-07,50.29
36,0,0,2024-08,52.91
36,0,0,2024-09,46.36
36,0,0,2024-10,53.22
36,0,0,2024-11,45.73
36,0,0,2024-12,50.85
36,0,0,2025-01,54.5
36,0,0,2025-02,51.59
36,0,0,2025-03,52.1
36,0,0,2025-04,54.26
36,0,0,2025-05,45.87
36,0,0,2025-06,53.16
36,0,0,2025-07,51.65
36,0,0,2025-08,54.35
36,0,0,2025-09,50.35
36,0,0,2025-10,52.45
36,0,0,2025-11,56.02
36,0,0,2025-12,58.24
36,0,0,2026-01,54.15
36,0,0,2026-02,52.46
36,0,0,2026-03,55.76
36,0,0,2026-04,50.82
36,0,0,2026-05,59.87
36,0,0,2026-06,59.57
36,0,0,2026-07,52.84
36,0,0,2026-08,51.22
36,0,0,2026-09,52.81
36,0,0,2026-10,53.44
36,0,0,2026-11,47.7
36,0,0,2026-12,48.3
36,0,0,2027-01,53.82
36,0,0,2027-02,50.5
37,1,0,2023-01,51.16
37,1,0,2023-02,50.15
37,1,0,2023-03,45.93
37,1,0,2023-04,49.29
37,1,0,2023-05,49.38
37,1,0,2023-06,52.84
37,1,0,2023-07,53.17
37,1,0,2023-08,46.16
37,1,0,2023-09,49.76
37,1,0,2023-10,49.4
37,1,0,2023-11,40.64
37,1,0,2023-12,45.85
37,1,0,2024-01,46.37
37,1,0,2024-02,52.04
37,1,0,2024-03,49.39
37,1,0,2024-04,50.26
37,1,0,2024-05,44.45
37,1,0,2024-06,54.87
37,1,0,2024-07,47.56
37,1,0,2024-08,51.3
37,1,0,2024-09,51.29
37,1,0,2024-10,44.46
37,1,0,2024-11,44.93
37,1,0,2024-12,43.98
37,1,0,2025-01,47.39
37,1,0,2025-02,45.05
37,1,0,2025-03,49.25
37,1,0,2025-04,50.93
37,1,0,2025-05,46.84
37,1,0,2025-06,48.64
37,1,0,2025-07,48.27
37,1,0,2025-08,49.07
37,1,0,2025-09,49.37
37,1,0,2025-10,45.9
37,1,0,2025-11,46.39
37,1,0,2025-12,51.64
37,1,0,2026-01,52.05
37,1,0,2026-02,50.24
37,1,0,2026-03,41.61
37,1,0,2026-04,45.84
37,1,0,2026-05,42.53
37,1,0,2026-06,45.33
37,1,0,2026-07,43.94
37,1,0,2026-08,40.98
37,1,0,2026-09,43.05
37,1,0,2026-10,42.27
37,1,0,2026-11,42.74
37,1,0,2026-12,44.02
37,1,0,2027-01,48.23
37,1,0,2027-02,45.96
38,1,0,2023-01,44.36
38,1,0,2023-02,46.12
38,1,0,2023-03,43.19
38,1,0,2023-04,46.12
38,1,0,2023-05,43.03
38,1,0,2023-06,46.23
38,1,0,2023-07,47.99
38,1,0,2023-08,44.44
38,1,0,2023-09,42.85
38,1,0,2023-10,46.98
38,1,0,2023-11,45.25
38,1,0,2023-12,45.38
38,1,0,2024-01,48.2
38,1,0,2024-02,45.19
38,1,0,2024-03,48.37
38,1,0,2024-04,45.97
38,1,0,2024-05,43.19
38,1,0,2024-06,43.23
38,1,0,2024-07,47.58
38,1,0,2024-08,44.85
38,1,0,2024-09,37.28
38,1,0,2024-10,46.6
38,1,0,2024-11,46.05
38,1,0,2024-12,43.23
38,1,0,2025-01,46.77
38,1,0,2025-02,37.97
38,1,0,2025-03,46.84
38,1,0,2025-04,50.1
38,1,0,2025-05,49.26
38,1,0,2025-06,48.57
38,1,0,2025-07,47.09
38,1,0,2025-08,49.33
38,1,0,2025-09,41.74
38,1,0,2025-10,45.37
38,1,0,2025-11,39.37
38,1,0,2025-12,46.0
38,1,0,2026-01,45.33
38,1,0,2026-02,43.58
38,1,0,2026-03,52.76
38,1,0,2026-04,47.53
38,1,0,2026-05,42.39
38,1,0,2026-06,43.13
38,1,0,2026-07,42.9
38,1,0,2026-08,43.92
38,1,0,2026-09,33.03
38,1,0,2026-10,45.2
38,1,0,2026-11,45.05
38,1,0,2026-12,37.4
38,1,0,2027-01,43.2
38,1,0,2027-02,39.14
39,0,0,2023-01,38.5
39,0,0,2023-02,39.16
39,0,0,2023-03,36.39
39,0,0,2023-04,39.53
39,0,0,2023-05,38.94
39,0,0,2023-06,37.68
39,0,0,2023-07,37.43
39,0,0,2023-08,37.36
39,0,0,2023-09,36.4
39,0,0,2023-10,33.39
39,0,0,2023-11,33.46
39,0,0,2023-12,36.31
39,0,0,2024-01,42.57
39,0,0,2024-02,35.94
39,0,0,2024-03,42.53
39,0,0,2024-04,32.57
39,0,0,2024-05,39.92
39,0,0,2024-06,36.67
39,0,0,2024-07,32.15
39,0,0,2024-08,34.01
39,0,0,2024-09,31.24
39,0,0,2024-10,35.76
39,0,0,2024-11,37.59
39,0,0,2024-12,36.32
39,0,0,2025-01,36.79
39,0,0,2025-02,42.68
39,0,0,2025-03,37.56
39,0,0,2025-04,42.46
39,0,0,2025-05,43.87
39,0,0,2025-06,34.06
39,0,0,2025-07,42.7
39,0,0,2025-08,39.56
39,0,0,2025-09,39.43
39,0,0,2025-10,35.46
39,0,0,2025-11,38.85
39,0,0,2025-12,41.16
39,0,0,2026-01,39.63
39,0,0,2026-02,39.75
39,0,0,2026-03,39.03
39,0,0,2026-04,38.27
39,0,0,2026-05,41.32
39,0,0,2026-06,34.71
39,0,0,2026-07,36.38
39,0,0,2026-08,35.34
39,0,0,2026-09,37.97
39,0,0,2026-10,36.08
39,0,0,2026-11,34.79
39,0,0,2026-12,32.96
39,0,0,2027-01,38.12
39,0,0,2027-02,37.53
40,1,0,2023-01,32.07
40,1,0,2023-02,27.07
40,1,0,2023-03,33.8
40,1,0,2023-04,30.28
40,1,0,2023-05,25.74
40,1,0,2023-06,34.94
40,1,0,2023-07,27.99
40,1,0,2023-08,27.34
40,1,0,2023-09,26.3
40,1,0,2023-10,27.48
40,1,0,2023-11,30.36
40,1,0,2023-12,28.07
40,1,0,2024-01,23.94
40,1,0,2024-02,28.54
40,1,0,2024-03,28.01
40,1,0,2024-04,33.8
40,1,0,2024-05,28.08
40,1,0,2024-06,31.05
40,1,0,2024-07,33.76
40,1,0,2024-08,31.44
40,1,0,2024-09,26.85
40,1,0,2024-10,27.57
40,1,0,2024-11,32.06
40,1,0,2024-12,27.93
40,1,0,2025-01,26.84
40,1,0,2025-02,30.91
40,1,0,2025-03,26.24
40,1,0,2025-04,35.01
40,1,0,2025-05,34.02
40,1,0,2025-06,29.52
40,1,0,2025-07,30.3
40,1,0,2025-08,30.38
40,1,0,2025-09,30.28
40,1,0,2025-10,25.02
40,1,0,2025-11,26.09
40,1,0,2025-12,28.55
40,1,0,2026-01,31.37
40,1,0,2026-02,28.79
40,1,0,2026-03,26.91
40,1,0,2026-04,28.99
40,1,0,2026-05,24.6
40,1,0,2026-06,24.13
40,1,0,2026-07,22.3
40,1,0,2026-08,22.13
40,1,0,2026-09,23.02
40,1,0,2026-10,27.74
40,1,0,2026-11,23.96
40,1,0,2026-12,28.36
40,1,0,2027-01,21.1
40,1,0,2027-02,29.49
41,1,0,2023-01,18.12
41,1,0,2023-02,18.77
41,1,0,2023-03,13.75
41,1,0,2023-04,22.85
41,1,0,2023-05,23.48
41,1,0,2023-06,23.03
41,1,0,2023-07,16.85
41,1,0,2023-08,19.17
41,1,0,2023-09,15.18
41,1,0,2023-10,20.2
41,1,0,2023-11,17.25
41,1,0,2023-12,20.03
41,1,0,2024-01,15.95
41,1,0,2024-02,19.38
41,1,0,2024-03,17.58
41,1,0,2024-04,23.5
41,1,0,2024-05,22.17
41,1,0,2024-06,17.94
41,1,0,2024-07,23.17
41,1,0,2024-08,16.03
41,1,0,2024-09,14.65
41,1,0,2024-10,20.46
41,1,0,2024-11,16.91
41,1,0,2024-12,12.19
41,1,0,2025-01,12.93
41,1,0,2025-02,15.57
41,1,0,2025-03,17.08
41,1,0,2025-04,19.74
41,1,0,2025-05,20.49
41,1,0,2025-06,17.87
41,1,0,2025-07,15.52
41,1,0,2025-08,20.64
41,1,0,2025-09,16.55
41,1,0,2025-10,14.53
41,1,0,2025-11,20.05
41,1,0,2025-12,18.57
41,1,0,2026-01,15.32
41,1,0,2026-02,23.56
41,1,0,2026-03,18.38
41,1,0,2026-04,17.12
41,1,0,2026-05,9.67
41,1,0,2026-06,14.38
41,1,0,2026-07,18.04
41,1,0,2026-08,14.23
41,1,0,2026-09,15.53
41,1,0,2026-10,14.89
41,1,0,2026-11,10.87
41,1,0,2026-12,11.11
41,1,0,2027-01,13.57
41,1,0,2027-02,10.02
42,0,0,2023-01,39.65
42,0,0,2023-02,42.81
42,0,0,2023-03,42.89
42,0,0,2023-04,48.16
42,0,0,2023-05,44.27
42,0,0,2023-06,37.59
42,0,0,2023-07,42.22
42,0,0,2023-08,37.21
42,0,0,2023-09,38.71
42,0,0,2023-10,36.64
42,0,0,2023-11,39.48
42,0,0,2023-12,37.23
42,0,0,2024-01,41.78
42,0,0,2024-02,42.3
42,0,0,2024-03,45.67
42,0,0,2024-04,43.97
42,0,0,2024-05,44.77
42,0,0,2024-06,45.16
42,0,0,2024-07,43.21
42,0,0,2024-08,42.58
42,0,0,2024-09,39.95
42,0,0,2024-10,41.81
42,0,0,2024-11,39.72
42,0,0,2024-12,43.0
42,0,0,2025-01,38.35
42,0,0,2025-02,38.71
42,0,0,2025-03,43.05
42,0,0,2025-04,44.96
42,0,0,2025-05,42.13
42,0,0,2025-06,47.18
42,0,0,2025-07,38.89
42,0,0,2025-08,41.37
42,0,0,2025-09,39.9
42,0,0,2025-10,44.9
42,0,0,2025-11,44.3
42,0,0,2025-12,47.7
42,0,0,2026-01,44.24
42,0,0,2026-02,44.54
42,0,0,2026-03,45.95
42,0,0,2026-04,41.97
42,0,0,2026-05,41.54
42,0,0,2026-06,40.33
42,0,0,2026-07,37.27
42,0,0,2026-08,43.27
42,0,0,2026-09,38.1
42,0,0,2026-10,36.19
42,0,0,2026-11,41.64
42,0,0,2026-12,41.49
42,0,0,2027-01,36.31
42,0,0,2027-02,40.78
43,0,0,2023-01,56.03
43,0,0,2023-02,54.56
43,0,0,2023-03,51.28
43,0,0,2023-04,48.02
43,0,0,2023-05,49.81
43,0,0,2023-06,50.1
43,0,0,2023-07,50.57
43,0,0,2023-08,51.19
43,0,0,2023-09,48.31
43,0,0,2023-10,48.31
43,0,0,2023-11,52.17
43,0,0,2023-12,48.42
43,0,0,2024-01,48.71
43,0,0,2024-02,49.96
43,0,0,2024-03,54.22
43,0,0,2024-04,53.52
43,0,0,2024-05,60.3
43,0,0,2024-06,52.89
43,0,0,2024-07,49.44
43,0,0,2024-08,50.8
43,0,0,2024-09,44.16
43,0,0,2024-10,45.59
43,0,0,2024-11,51.84
43,0,0,2024-12,49.48
43,0,0,2025-01,50.4
43,0,0,2025-02,54.86
43,0,0,2025-03,48.79
43,0,0,2025-04,53.51
43,0,0,2025-05,48.73
43,0,0,2025-06,51.74
43,0,0,2025-07,47.52
43,0,0,2025-08,44.31
43,0,0,2025-09,46.4
43,0,0,2025-10,50.14
43,0,0,2025-11,48.71
43,0,0,2025-12,50.75
43,0,0,2026-01,56.34
43,0,0,2026-02,48.58
43,0,0,2026-03,53.52
43,0,0,2026-04,55.25
43,0,0,2026-05,51.79
43,0,0,2026-06,49.08
43,0,0,2026-07,51.06
43,0,0,2026-08,49.69
43,0,0,2026-09,46.51
43,0,0,2026-10,51.29
43,0,0,2026-11,52.55
43,0,0,2026-12,49.63
43,0,0,2027-01,51.42
43,0,0,2027-02,49.91
44,1,0,2023-01,33.69
44,1,0,2023-02,37.83
44,1,0,2023-03,34.39
44,1,0,2023-04,36.84
44,1,0,2023-05,34.13
44,1,0,2023-06,33.35
44,1,0,2023-07,35.45
44,1,0,2023-08,29.24
44,1,0,2023-09,29.78
44,1,0,2023-10,35.63
44,1,0,2023-11,33.01
44,1,0,2023-12,32.6
44,1,0,2024-01,40.3
44,1,0,2024-02,34.8
44,1,0,2024-03,36.61
44,1,0,2024-04,38.25
44,1,0,2024-05,38.09
44,1,0,2024-06,35.51
44,1,0,2024-07,29.79
44,1,0,2024-08,34.41
44,1,0,2024-09,34.9
44,1,0,2024-10,37.2
44,1,0,2024-11,34.53
44,1,0,2024-12,35.65
44,1,0,2025-01,33.92
44,1,0,2025-02,40.54
44,1,0,2025-03,39.14
44,1,0,2025-04,35.79
44,1,0,2025-05,38.68
44,1,0,2025-06,37.89
44,1,0,2025-07,39.3
44,1,0,2025-08,37.68
44,1,0,2025-09,31.09
44,1,0,2025-10,34.64
44,1,0,2025-11,33.84
44,1,0,2025-12,32.73
44,1,0,2026-01,34.43
44,1,0,2026-02,31.61
44,1,0,2026-03,39.69
44,1,0,2026-04,33.25
44,1,0,2026-05,33.32
44,1,0,2026-06,31.99
44,1,0,2026-07,30.23
44,1,0,2026-08,26.56
44,1,0,2026-09,30.7
44,1,0,2026-10,22.66
44,1,0,2026-11,33.18
44,1,0,2026-12,28.03
44,1,0,2027-01,27.33
44,1,0,2027-02,34.14
45,1,0,2023-01,34.43
45,1,0,2023-02,31.46
45,1,0,2023-03,35.08
45,1,0,2023-04,39.67
45,1,0,2023-05,36.64
45,1,0,2023-06,34.48
45,1,0,2023-07,34.55
45,1,0,2023-08,34.96
45,1,0,2023-09,35.51
45,1,0,2023-10,33.22
45,1,0,2023-11,32.99
45,1,0,2023-12,33.09
45,1,0,2024-01,33.99
45,1,0,2024-02,37.53
45,1,0,2024-03,35.23
45,1,0,2024-04,35.99
45,1,0,2024-05,33.98
45,1,0,2024-06,37.46
45,1,0,2024-07,39.0
45,1,0,2024-08,32.48
45,1,0,2024-09,36.95
45,1,0,2024-10,35.42
45,1,0,2024-11,31.56
45,1,0,2024-12,30.75
45,1,0,2025-01,37.99
45,1,0,2025-02,37.68
45,1,0,2025-03,36.02
45,1,0,2025-04,36.95
45,1,0,2025-05,34.91
45,1,0,2025-06,36.59
45,1,0,2025-07,39.76
45,1,0,2025-08,33.43
45,1,0,2025-09,30.2
45,1,0,2025-10,31.37
45,1,0,2025-11,37.84
45,1,0,2025-12,33.99
45,1,0,2026-01,33.75
45,1,0,2026-02,29.79
45,1,0,2026-03,31.59
45,1,0,2026-04,34.7
45,1,0,2026-05,32.9
45,1,0,2026-06,30.05
45,1,0,2026-07,27.67
45,1,0,2026-08,32.94
45,1,0,2026-09,31.33
45,1,0,2026-10,29.01
45,1,0,2026-11,33.04
45,1,0,2026-12,33.15
45,1,0,2027-01,28.38
45,1,0,2027-02,36.78
46,1,0,2023-01,39.06
46,1,0,2023-02,38.9
46,1,0,2023-03,40.47
46,1,0,2023-04,38.42
46,1,0,2023-05,40.93
46,1,0,2023-06,35.37
46,1,0,2023-07,45.98
46,1,0,2023-08,34.98
46,1,0,2023-09,35.9
46,1,0,2023-10,40.87
46,1,0,2023-11,44.22
46,1,0,2023-12,32.16
46,1,0,2024-01,40.42
46,1,0,2024-02,37.69
46,1,0,2024-03,42.87
46,1,0,2024-04,39.68
46,1,0,2024-05,42.8
46,1,0,2024-06,41.54
46,1,0,2024-07,31.91
46,1,0,2024-08,39.13
46,1,0,2024-09,34.53
46,1,0,2024-10,36.73
46,1,0,2024-11,37.97
46,1,0,2024-12,39.69
46,1,0,2025-01,38.33
46,1,0,2025-02,39.41
46,1,0,2025-03,36.93
46,1,0,2025-04,41.45
46,1,0,2025-05,46.92
46,1,0,2025-06,34.97
46,1,0,2025-07,41.39
46,1,0,2025-08,34.18
46,1,0,2025-09,37.06
46,1,0,2025-10,37.88
46,1,0,2025-11,41.93
46,1,0,2025-12,37.59
46,1,0,2026-01,35.35
46,1,0,2026-02,37.2
46,1,0,2026-03,36.37
46,1,0,2026-04,35.52
46,1,0,2026-05,36.52
46,1,0,2026-06,33.96
46,1,0,2026-07,32.19
46,1,0,2026-08,34.08
46,1,0,2026-09,30.96
46,1,0,2026-10,31.53
46,1,0,2026-11,28.3
46,1,0,2026-12,34.41
46,1,0,2027-01,27.8
46,1,0,2027-02,36.53
47,1,0,2023-01,36.69
47,1,0,2023-02,35.36
47,1,0,2023-03,38.24
47,1,0,2023-04,34.81
47,1,0,2023-05,40.62
47,1,0,2023-06,34.84
47,1,0,2023-07,37.02
47,1,0,2023-08,31.02
47,1,0,2023-09,37.87
47,1,0,2023-10,34.46
47,1,0,2023-11,35.24
47,1,0,2023-12,38.0
47,1,0,2024-01,40.12
47,1,0,2024-02,37.91
47,1,0,2024-03,41.12
47,1,0,2024-04,39.45
47,1,0,2024-05,39.2
47,1,0,2024-06,40.99
47,1,0,2024-07,40.93
47,1,0,2024-08,34.75
47,1,0,2024-09,35.45
47,1,0,2024-10,36.48
47,1,0,2024-11,36.98
47,1,0,2024-12,38.85
47,1,0,2025-01,40.5
47,1,0,2025-02,40.3
47,1,0,2025-03,40.03
47,1,0,2025-04,36.5
47,1,0,2025-05,35.35
47,1,0,2025-06,37.58
47,1,0,2025-07,38.59
47,1,0,2025-08,34.28
47,1,0,2025-09,37.85
47,1,0,2025-10,35.82
47,1,0,2025-11,35.8
47,1,0,2025-12,34.19
47,1,0,2026-01,41.03
47,1,0,2026-02,43.88
47,1,0,2026-03,37.45
47,1,0,2026-04,37.26
47,1,0,2026-05,33.85
47,1,0,2026-06,35.71
47,1,0,2026-07,33.64
47,1,0,2026-08,34.67
47,1,0,2026-09,29.05
47,1,0,2026-10,31.4
47,1,0,2026-11,31.9
47,1,0,2026-12,31.82
47,1,0,2027-01,35.24
47,1,0,2027-02,30.25
48,1,1,2023-01,51.19
48,1,1,2023-02,40.62
48,1,1,2023-03,47.98
48,1,1,2023-04,42.32
48,1,1,2023-05,47.07
48,1,1,2023-06,50.15
48,1,1,2023-07,43.85
48,1,1,2023-08,46.0
48,1,1,2023-09,47.35
48,1,1,2023-10,46.28
48,1,1,2023-11,45.36
48,1,1,2023-12,46.85
48,1,1,2024-01,49.29
48,1,1,2024-02,48.28
48,1,1,2024-03,45.48
48,1,1,2024-04,46.29
48,1,1,2024-05,51.92
48,1,1,2024-06,49.72
48,1,1,2024-07,47.12
48,1,1,2024-08,53.96
48,1,1,2024-09,49.05
48,1,1,2024-10,43.88
48,1,1,2024-11,48.16
48,1,1,2024-12,48.81
48,1,1,2025-01,48.41
48,1,1,2025-02,47.16
48,1,1,2025-03,51.4
48,1,1,2025-04,46.57
48,1,1,2025-05,45.26
48,1,1,2025-06,49.32
48,1,1,2025-07,48.43
48,1,1,2025-08,46.68
48,1,1,2025-09,46.28
48,1,1,2025-10,52.61
48,1,1,2025-11,47.05
48,1,1,2025-12,54.66
48,1,1,2026-01,49.78
48,1,1,2026-02,48.87
48,1,1,2026-03,45.66
48,1,1,2026-04,45.35
48,1,1,2026-05,44.43
48,1,1,2026-06,37.32
48,1,1,2026-07,43.74
48,1,1,2026-08,44.64
48,1,1,2026-09,41.75
48,1,1,2026-10,39.49
48,1,1,2026-11,40.84
48,1,1,2026-12,39.92
48,1,1,2027-01,41.51
48,1,1,2027-02,44.46
49,1,1,2023-01,47.9
49,1,1,2023-02,46.95
49,1,1,2023-03,48.82
49,1,1,2023-04,51.33
49,1,1,2023-05,53.06
49,1,1,2023-06,50.02
49,1,1,2023-07,47.11
49,1,1,2023-08,51.64
49,1,1,2023-09,48.07
49,1,1,2023-10,45.4
49,1,1,2023-11,48.74
49,1,1,2023-12,49.73
49,1,1,2024-01,49.88
49,1,1,2024-02,50.03
49,1,1,2024-03,48.24
49,1,1,2024-04,46.3
49,1,1,2024-05,53.37
49,1,1,2024-06,51.85
49,1,1,2024-07,48.41
49,1,1,2024-08,49.03
49,1,1,2024-09,51.17
49,1,1,2024-10,47.13
49,1,1,2024-11,47.46
49,1,1,2024-12,46.63
49,1,1,2025-01,53.38
49,1,1,2025-02,52.81
49,1,1,2025-03,49.62
49,1,1,2025-04,50.82
49,1,1,2025-05,50.2
49,1,1,2025-06,45.98
49,1,1,2025-07,46.63
49,1,1,2025-08,44.12
49,1,1,2025-09,49.42
49,1,1,2025-10,50.1
49,1,1,2025-11,49.2
49,1,1,2025-12,46.51
49,1,1,2026-01,47.77
49,1,1,2026-02,47.01
49,1,1,2026-03,45.24
49,1,1,2026-04,46.6
49,1,1,2026-05,42.61
49,1,1,2026-06,45.39
49,1,1,2026-07,45.58
49,1,1,2026-08,37.97
49,1,1,2026-09,43.97
49,1,1,2026-10,45.43
49,1,1,2026-11,39.49
49,1,1,2026-12,40.18
49,1,1,2027-01,43.13
49,1,1,2027-02,41.77
50,0,0,2023-01,41.45
50,0,0,2023-02,47.36
50,0,0,2023-03,46.56
50,0,0,2023-04,44.23
50,0,0,2023-05,50.21
50,0,0,2023-06,43.18
50,0,0,2023-07,42.86
50,0,0,2023-08,47.3
50,0,0,2023-09,40.04
50,0,0,2023-10,44.34
50,0,0,2023-11,40.11
50,0,0,2023-12,42.35
50,0,0,2024-01,46.48
50,0,0,2024-02,42.44
50,0,0,2024-03,47.05
50,0,0,2024-04,38.84
50,0,0,2024-05,45.2
50,0,0,2024-06,40.69
50,0,0,2024-07,43.24
50,0,0,2024-08,37.3
50,0,0,2024-09,36.78
50,0,0,2024-10,38.35
50,0,0,2024-11,44.83
50,0,0,2024-12,45.32
50,0,0,2025-01,42.7
50,0,0,2025-02,42.25
50,0,0,2025-03,42.51
50,0,0,2025-04,43.4
50,0,0,2025-05,45.74
50,0,0,2025-06,45.42
50,0,0,2025-07,40.56
50,0,0,2025-08,38.46
50,0,0,2025-09,42.71
50,0,0,2025-10,38.93
50,0,0,2025-11,40.57
50,0,0,2025-12,42.97
50,0,0,2026-01,42.09
50,0,0,2026-02,42.74
50,0,0,2026-03,47.17
50,0,0,2026-04,46.99
50,0,0,2026-05,43.55
50,0,0,2026-06,45.63
50,0,0,2026-07,48.0
50,0,0,2026-08,38.83
50,0,0,2026-09,47.01
50,0,0,2026-10,46.07
50,0,0,2026-11,39.3
50,0,0,2026-12,36.43
50,0,0,2027-01,43.06
50,0,0,2027-02,38.6
51,1,1,2023-01,33.3
51,1,1,2023-02,28.77
51,1,1,2023-03,31.44
51,1,1,2023-04,34.99
51,1,1,2023-05,28.83
51,1,1,2023-06,28.25
51,1,1,2023-07,30.73
51,1,1,2023-08,31.12
51,1,1,2023-09,28.95
51,1,1,2023-10,30.13
51,1,1,2023-11,29.9
51,1,1,2023-12,27.74
51,1,1,2024-01,34.6
51,1,1,2024-02,32.45
51,1,1,2024-03,32.32
51,1,1,2024-04,28.62
51,1,1,2024-05,34.93
51,1,1,2024-06,31.32
51,1,1,2024-07,28.52
51,1,1,2024-08,27.3
51,1,1,2024-09,30.8
51,1,1,2024-10,29.18
51,1,1,2024-11,28.92
51,1,1,2024-12,29.44
51,1,1,2025-01,31.97
51,1,1,2025-02,32.15
51,1,1,2025-03,34.21
51,1,1,2025-04,29.9
51,1,1,2025-05,32.4
51,1,1,2025-06,37.61
51,1,1,2025-07,31.04
51,1,1,2025-08,30.06
51,1,1,2025-09,34.09
51,1,1,2025-10,25.67
51,1,1,2025-11,30.47
51,1,1,2025-12,28.39
51,1,1,2026-01,31.45
51,1,1,2026-02,30.43
51,1,1,2026-03,28.38
51,1,1,2026-04,28.94
51,1,1,2026-05,29.17
51,1,1,2026-06,24.76
51,1,1,2026-07,25.83
51,1,1,2026-08,23.97
51,1,1,2026-09,27.68
51,1,1,2026-10,25.75
51,1,1,2026-11,21.3
51,1,1,2026-12,23.27
51,1,1,2027-01,27.18
51,1,1,2027-02,24.97
52,0,0,2023-01,37.68
52,0,0,2023-02,41.87
52,0,0,2023-03,43.08
52,0,0,2023-04,41.34
52,0,0,2023-05,44.39
52,0,0,2023-06,41.25
52,0,0,2023-07,39.17
52,0,0,2023-08,41.81
52,0,0,2023-09,37.44
52,0,0,2023-10,41.53
52,0,0,2023-11,35.94
52,0,0,2023-12,39.92
52,0,0,2024-01,40.3
52,0,0,2024-02,43.48
52,0,0,2024-03,44.18
52,0,0,2024-04,45.27
52,0,0,2024-05,41.21
52,0,0,2024-06,39.91
52,0,0,2024-07,40.76
52,0,0,2024-08,39.37
52,0,0,2024-09,40.47
52,0,0,2024-10,36.57
52,0,0,2024-11,39.44
52,0,0,2024-12,43.0
52,0,0,2025-01,44.92
52,0,0,2025-02,41.52
52,0,0,2025-03,50.28
52,0,0,2025-04,42.68
52,0,0,2025-05,45.32
52,0,0,2025-06,44.3
52,0,0,2025-07,34.52
52,0,0,2025-08,39.86
52,0,0,2025-09,39.56
52,0,0,2025-10,38.69
52,0,0,2025-11,33.13
52,0,0,2025-12,41.76
52,0,0,2026-01,43.1
52,0,0,2026-02,43.9
52,0,0,2026-03,45.46
52,0,0,2026-04,45.99
52,0,0,2026-05,44.8
52,0,0,2026-06,36.84
52,0,0,2026-07,39.61
52,0,0,2026-08,46.08
52,0,0,2026-09,42.28
52,0,0,2026-10,40.38
52,0,0,2026-11,37.57
52,0,0,2026-12,39.29
52,0,0,2027-01,42.71
52,0,0,2027-02,42.91
53,0,0,2023-01,37.8
53,0,0,2023-02,43.45
53,0,0,2023-03,40.92
53,0,0,2023-04,36.99
53,0,0,2023-05,38.0
53,0,0,2023-06,38.07
53,0,0,2023-07,34.86
53,0,0,2023-08,38.78
53,0,0,2023-09,36.37
53,0,0,2023-10,35.93
53,0,0,2023-11,33.1
53,0,0,2023-12,36.48
53,0,0,2024-01,38.38
53,0,0,2024-02,37.02
53,0,0,2024-03,30.96
53,0,0,2024-04,42.01
53,0,0,2024-05,38.3
53,0,0,2024-06,41.97
53,0,0,2024-07,29.99
53,0,0,2024-08,30.62
53,0,0,2024-09,32.33
53,0,0,2024-10,36.13
53,0,0,2024-11,33.41
53,0,0,2024-12,32.12
53,0,0,2025-01,34.25
53,0,0,2025-02,33.66
53,0,0,2025-03,33.68
53,0,0,2025-04,35.48
53,0,0,2025-05,35.07
53,0,0,2025-06,37.45
53,0,0,2025-07,34.18
53,0,0,2025-08,41.81
53,0,0,2025-09,35.4
53,0,0,2025-10,35.11
53,0,0,2025-11,38.07
53,0,0,2025-12,28.23
53,0,0,2026-01,40.17
53,0,0,2026-02,41.17
53,0,0,2026-03,38.82
53,0,0,2026-04,35.54
53,0,0,2026-05,34.74
53,0,0,2026-06,40.6
53,0,0,2026-07,35.8
53,0,0,2026-08,35.21
53,0,0,2026-09,35.2
53,0,0,2026-10,32.65
53,0,0,2026-11,37.42
53,0,0,2026-12,34.75
53,0,0,2027-01,36.3
53,0,0,2027-02,39.52
54,1,0,2023-01,41.74
54,1,0,2023-02,44.03
54,1,0,2023-03,36.86
54,1,0,2023-04,40.6
54,1,0,2023-05,36.27
54,1,0,2023-06,39.15
54,1,0,2023-07,40.45
54,1,0,2023-08,36.65
54,1,0,2023-09,37.69
54,1,0,2023-10,33.97
54,1,0,2023-11,36.31
54,1,0,2023-12,39.54
54,1,0,2024-01,41.52
54,1,0,2024-02,41.58
54,1,0,2024-03,39.18
54,1,0,2024-04,44.68
54,1,0,2024-05,41.6
54,1,0,2024-06,40.21
54,1,0,2024-07,37.87
54,1,0,2024-08,42.58
54,1,0,2024-09,35.87
54,1,0,2024-10,37.3
54,1,0,2024-11,40.85
54,1,0,2024-12,42.97
54,1,0,2025-01,36.53
54,1,0,2025-02,36.62
54,1,0,2025-03,36.99
54,1,0,2025-04,45.44
54,1,0,2025-05,37.35
54,1,0,2025-06,36.65
54,1,0,2025-07,44.43
54,1,0,2025-08,40.37
54,1,0,2025-09,39.18
54,1,0,2025-10,35.52
54,1,0,2025-11,35.51
54,1,0,2025-12,40.62
54,1,0,2026-01,40.91
54,1,0,2026-02,41.43
54,1,0,2026-03,41.15
54,1,0,2026-04,36.02
54,1,0,2026-05,39.24
54,1,0,2026-06,33.01
54,1,0,2026-07,34.7
54,1,0,2026-08,33.98
54,1,0,2026-09,29.73
54,1,0,2026-10,34.03
54,1,0,2026-11,36.27
54,1,0,2026-12,29.89
54,1,0,2027-01,31.01
54,1,0,2027-02,35.9
55,1,0,2023-01,20.33
55,1,0,2023-02,24.91
55,1,0,2023-03,24.87
55,1,0,2023-04,25.58
55,1,0,2023-05,26.02
55,1,0,2023-06,24.44
55,1,0,2023-07,22.69
55,1,0,2023-08,25.47
55,1,0,2023-09,16.67
55,1,0,2023-10,22.42
55,1,0,2023-11,19.09
55,1,0,2023-12,18.98
55,1,0,2024-01,19.56
55,1,0,2024-02,22.66
55,1,0,2024-03,25.83
55,1,0,2024-04,26.37
55,1,0,2024-05,21.25
55,1,0,2024-06,24.31
55,1,0,2024-07,16.45
55,1,0,2024-08,19.87
55,1,0,2024-09,20.63
55,1,0,2024-10,22.37
55,1,0,2024-11,15.73
55,1,0,2024-12,21.77
55,1,0,2025-01,21.92
55,1,0,2025-02,23.99
55,1,0,2025-03,21.93
55,1,0,2025-04,19.43
55,1,0,2025-05,23.93
55,1,0,2025-06,26.55
55,1,0,2025-07,23.24
55,1,0,2025-08,21.3
55,1,0,2025-09,23.26
55,1,0,2025-10,20.38
55,1,0,2025-11,24.94
55,1,0,2025-12,18.7
55,1,0,2026-01,21.93
55,1,0,2026-02,19.88
55,1,0,2026-03,21.35
55,1,0,2026-04,18.56
55,1,0,2026-05,15.77
55,1,0,2026-06,18.08
55,1,0,2026-07,10.65
55,1,0,2026-08,16.83
55,1,0,2026-09,17.07
55,1,0,2026-10,14.31
55,1,0,2026-11,13.06
55,1,0,2026-12,13.75
55,1,0,2027-01,16.8
55,1,0,2027-02,21.7
56,0,0,2023-01,25.04
56,0,0,2023-02,28.39
56,0,0,2023-03,28.14
56,0,0,2023-04,22.36
56,0,0,2023-05,26.75
56,0,0,2023-06,25.5
56,0,0,2023-07,19.51
56,0,0,2023-08,24.09
56,0,0,2023-09,21.71
56,0,0,2023-10,22.23
56,0,0,2023-11,20.76
56,0,0,2023-12,25.18
56,0,0,2024-01,28.03
56,0,0,2024-02,26.31
56,0,0,2024-03,30.8
56,0,0,2024-04,25.11
56,0,0,2024-05,28.08
56,0,0,2024-06,28.26
56,0,0,2024-07,24.15
56,0,0,2024-08,29.49
56,0,0,2024-09,17.49
56,0,0,2024-10,27.87
56,0,0,2024-11,26.9
56,0,0,2024-12,26.0
56,0,0,2025-01,23.94
56,0,0,2025-02,27.79
56,0,0,2025-03,29.0
56,0,0,2025-04,27.48
56,0,0,2025-05,26.71
56,0,0,2025-06,28.61
56,0,0,2025-07,26.6
56,0,0,2025-08,28.45
56,0,0,2025-09,23.65
56,0,0,2025-10,26.44
56,0,0,2025-11,26.65
56,0,0,2025-12,24.4
56,0,0,2026-01,28.93
56,0,0,2026-02,22.49
56,0,0,2026-03,30.15
56,0,0,2026-04,24.95
56,0,0,2026-05,24.65
56,0,0,2026-06,25.83
56,0,0,2026-07,23.89
56,0,0,2026-08,23.2
56,0,0,2026-09,19.85
56,0,0,2026-10,31.31
56,0,0,2026-11,26.41
56,0,0,2026-12,23.51
56,0,0,2027-01,28.11
56,0,0,2027-02,27.91
57,1,1,2023-01,49.22
57,1,1,2023-02,53.33
57,1,1,2023-03,46.8
57,1,1,2023-04,48.81
57,1,1,2023-05,49.46
57,1,1,2023-06,51.24
57,1,1,2023-07,51.81
57,1,1,2023-08,51.39
57,1,1,2023-09,48.88
57,1,1,2023-10,46.03
57,1,1,2023-11,44.57
57,1,1,2023-12,52.72
57,1,1,2024-01,48.77
57,1,1,2024-02,54.93
57,1,1,2024-03,51.06
57,1,1,2024-04,45.77
57,1,1,2024-05,51.55
57,1,1,2024-06,46.91
57,1,1,2024-07,51.64
57,1,1,2024-08,43.22
57,1,1,2024-09,53.86
57,1,1,2024-10,46.62
57,1,1,2024-11,50.22
57,1,1,2024-12,52.35
57,1,1,2025-01,54.89
57,1,1,2025-02,51.57
57,1,1,2025-03,52.55
57,1,1,2025-04,58.09
57,1,1,2025-05,50.04
57,1,1,2025-06,53.7
57,1,1,2025-07,50.92
57,1,1,2025-08,45.76
57,1,1,2025-09,48.99
57,1,1,2025-10,49.45
57,1,1,2025-11,48.62
57,1,1,2025-12,51.26
57,1,1,2026-01,51.88
57,1,1,2026-02,58.36
57,1,1,2026-03,48.48
57,1,1,2026-04,48.05
57,1,1,2026-05,45.02
57,1,1,2026-06,48.66
57,1,1,2026-07,45.19
57,1,1,2026-08,43.34
57,1,1,2026-09,39.41
57,1,1,2026-10,42.84
57,1,1,2026-11,46.88
57,1,1,2026-12,47.26
57,1,1,2027-01,42.14
57,1,1,2027-02,42.59
58,1,1,2023-01,39.95
58,1,1,2023-02,46.63
58,1,1,2023-03,46.91
58,1,1,2023-04,47.07
58,1,1,2023-05,44.28
58,1,1,2023-06,39.99
58,1,1,2023-07,45.17
58,1,1,2023-08,45.19
58,1,1,2023-09,38.93
58,1,1,2023-10,44.77
58,1,1,2023-11,43.54
58,1,1,2023-12,51.06
58,1,1,2024-01,44.87
58,1,1,2024-02,45.85
58,1,1,2024-03,41.08
58,1,1,2024-04,44.58
58,1,1,2024-05,50.23
58,1,1,2024-06,48.43
58,1,1,2024-07,44.65
58,1,1,2024-08,47.33
58,1,1,2024-09,44.39
58,1,1,2024-10,41.61
58,1,1,2024-11,51.88
58,1,1,2024-12,41.59
58,1,1,2025-01,43.19
58,1,1,2025-02,48.9
58,1,1,2025-03,53.76
58,1,1,2025-04,42.56
58,1,1,2025-05,45.03
58,1,1,2025-06,48.73
58,1,1,2025-07,47.44
58,1,1,2025-08,41.94
58,1,1,2025-09,45.21
58,1,1,2025-10,48.08
58,1,1,2025-11,44.34
58,1,1,2025-12,47.57
58,1,1,2026-01,44.52
58,1,1,2026-02,41.7
58,1,1,2026-03,45.33
58,1,1,2026-04,45.99
58,1,1,2026-05,44.41
58,1,1,2026-06,41.24
58,1,1,2026-07,39.06
58,1,1,2026-08,43.6
58,1,1,2026-09,40.19
58,1,1,2026-10,38.53
58,1,1,2026-11,35.49
58,1,1,2026-12,34.85
58,1,1,2027-01,35.89
58,1,1,2027-02,40.11
59,1,1,2023-01,36.44
59,1,1,2023-02,38.64
59,1,1,2023-03,41.41
59,1,1,2023-04,39.94
59,1,1,2023-05,42.7
59,1,1,2023-06,39.87
59,1,1,2023-07,34.31
59,1,1,2023-08,37.87
59,1,1,2023-09,41.95
59,1,1,2023-10,37.28
59,1,1,2023-11,38.03
59,1,1,2023-12,38.74
59,1,1,2024-01,40.21
59,1,1,2024-02,36.37
59,1,1,2024-03,42.6
59,1,1,2024-04,36.96
59,1,1,2024-05,36.23
59,1,1,2024-06,34.86
59,1,1,2024-07,37.12
59,1,1,2024-08,34.74
59,1,1,2024-09,37.38
59,1,1,2024-10,36.22
59,1,1,2024-11,38.58
59,1,1,2024-12,34.84
59,1,1,2025-01,34.41
59,1,1,2025-02,38.05
59,1,1,2025-03,37.02
59,1,1,2025-04,42.48
59,1,1,2025-05,44.62
59,1,1,2025-06,39.23
59,1,1,2025-07,44.66
59,1,1,2025-08,33.18
59,1,1,2025-09,35.5
59,1,1,2025-10,39.81
59,1,1,2025-11,37.74
59,1,1,2025-12,37.71
59,1,1,2026-01,42.46
59,1,1,2026-02,39.99
59,1,1,2026-03,34.54
59,1,1,2026-04,36.55
59,1,1,2026-05,31.52
59,1,1,2026-06,31.84
59,1,1,2026-07,33.94
59,1,1,2026-08,32.98
59,1,1,2026-09,30.17
59,1,1,2026-10,33.32
59,1,1,2026-11,27.08
59,1,1,2026-12,27.5
59,1,1,2027-01,28.36
59,1,1,2027-02,32.96
60,1,1,2023-01,42.6
60,1,1,2023-02,48.03
60,1,1,2023-03,50.17
60,1,1,2023-04,49.67
60,1,1,2023-05,49.52
60,1,1,2023-06,51.74
60,1,1,2023-07,49.32
60,1,1,2023-08,49.97
60,1,1,2023-09,50.3
60,1,1,2023-10,50.65
60,1,1,2023-11,46.29
60,1,1,2023-12,52.03
60,1,1,2024-01,51.63
60,1,1,2024-02,46.78
60,1,1,2024-03,52.91
60,1,1,2024-04,49.85
60,1,1,2024-05,47.53
60,1,1,2024-06,52.78
60,1,1,2024-07,47.89
60,1,1,2024-08,50.49
60,1,1,2024-09,46.96
60,1,1,2024-10,41.23
60,1,1,2024-11,53.87
60,1,1,2024-12,53.89
60,1,1,2025-01,49.48
60,1,1,2025-02,58.03
60,1,1,2025-03,46.38
60,1,1,2025-04,51.19
60,1,1,2025-05,53.26
60,1,1,2025-06,50.6
60,1,1,2025-07,50.42
60,1,1,2025-08,44.26
60,1,1,2025-09,43.04
60,1,1,2025-10,55.05
60,1,1,2025-11,48.08
60,1,1,2025-12,54.81
60,1,1,2026-01,54.81
60,1,1,2026-02,48.95
60,1,1,2026-03,47.93
60,1,1,2026-04,46.78
60,1,1,2026-05,47.42
60,1,1,2026-06,42.11
60,1,1,2026-07,41.42
60,1,1,2026-08,45.53
60,1,1,2026-09,42.93
60,1,1,2026-10,43.36
60,1,1,2026-11,45.93
60,1,1,2026-12,41.85
60,1,1,2027-01,43.53
60,1,1,2027-02,39.47
61,0,0,2023-01,36.7
61,0,0,2023-02,36.9
61,0,0,2023-03,39.66
61,0,0,2023-04,41.89
61,0,0,2023-05,37.92
61,0,0,2023-06,30.48
61,0,0,2023-07,39.6
61,0,0,2023-08,42.31
61,0,0,2023-09,31.34
61,0,0,2023-10,31.52
61,0,0,2023-11,30.21
61,0,0,2023-12,30.84
61,0,0,2024-01,33.23
61,0,0,2024-02,33.59
61,0,0,2024-03,34.88
61,0,0,2024-04,37.71
61,0,0,2024-05,37.72
61,0,0,2024-06,34.27
61,0,0,2024-07,35.64
61,0,0,2024-08,34.19
61,0,0,2024-09,31.84
61,0,0,2024-10,34.44
61,0,0,2024-11,33.93
61,0,0,2024-12,38.78
61,0,0,2025-01,40.03
61,0,0,2025-02,36.17
61,0,0,2025-03,44.14
61,0,0,2025-04,36.49
61,0,0,2025-05,33.29
61,0,0,2025-06,37.01
61,0,0,2025-07,38.65
61,0,0,2025-08,40.25
61,0,0,2025-09,37.24
61,0,0,2025-10,37.72
61,0,0,2025-11,39.66
61,0,0,2025-12,39.75
61,0,0,2026-01,35.46
61,0,0,2026-02,37.14
61,0,0,2026-03,38.58
61,0,0,2026-04,37.55
61,0,0,2026-05,37.21
61,0,0,2026-06,33.86
61,0,0,2026-07,42.04
61,0,0,2026-08,34.27
61,0,0,2026-09,33.77
61,0,0,2026-10,35.12
61,0,0,2026-11,32.48
61,0,0,2026-12,37.32
61,0,0,2027-01,37.43
61,0,0,2027-02,39.75
62,0,0,2023-01,12.49
62,0,0,2023-02,12.95
62,0,0,2023-03,23.15
62,0,0,2023-04,16.83
62,0,0,2023-05,17.6
62,0,0,2023-06,20.29
62,0,0,2023-07,15.65
62,0,0,2023-08,13.92
62,0,0,2023-09,16.46
62,0,0,2023-10,13.96
62,0,0,2023-11,16.9
62,0,0,2023-12,15.83
62,0,0,2024-01,14.53
62,0,0,2024-02,13.46
62,0,0,2024-03,20.45
62,0,0,2024-04,23.59
62,0,0,2024-05,16.28
62,0,0,2024-06,18.27
62,0,0,2024-07,18.11
62,0,0,2024-08,19.4
62,0,0,2024-09,9.32
62,0,0,2024-10,15.57
62,0,0,2024-11,11.54
62,0,0,2024-12,13.24
62,0,0,2025-01,14.38
62,0,0,2025-02,16.67
62,0,0,2025-03,12.53
62,0,0,2025-04,17.65
62,0,0,2025-05,19.29
62,0,0,2025-06,12.08
62,0,0,2025-07,15.79
62,0,0,2025-08,20.28
62,0,0,2025-09,18.3
62,0,0,2025-10,17.15
62,0,0,2025-11,12.38
62,0,0,2025-12,13.37
62,0,0,2026-01,15.02
62,0,0,2026-02,16.96
62,0,0,2026-03,19.35
62,0,0,2026-04,18.84
62,0,0,2026-05,16.56
62,0,0,2026-06,17.87
62,0,0,2026-07,16.17
62,0,0,2026-08,16.84
62,0,0,2026-09,15.79
62,0,0,2026-10,6.98
62,0,0,2026-11,11.34
62,0,0,2026-12,21.19
62,0,0,2027-01,16.15
62,0,0,2027-02,21.84
63,1,0,2023-01,28.03
63,1,0,2023-02,35.37
63,1,0,2023-03,41.36
63,1,0,2023-04,35.52
63,1,0,2023-05,37.3
63,1,0,2023-06,28.0
63,1,0,2023-07,32.21
63,1,0,2023-08,26.61
63,1,0,2023-09,30.78
63,1,0,2023-10,26.81
63,1,0,2023-11,33.6
63,1,0,2023-12,38.4
63,1,0,2024-01,32.0
63,1,0,2024-02,39.76
63,1,0,2024-03,34.13
63,1,0,2024-04,34.69
63,1,0,2024-05,34.01
63,1,0,2024-06,38.63
63,1,0,2024-07,32.05
63,1,0,2024-08,34.69
63,1,0,2024-09,38.06
63,1,0,2024-10,35.79
63,1,0,2024-11,39.72
63,1,0,2024-12,32.7
63,1,0,2025-01,31.89
63,1,0,2025-02,29.84
63,1,0,2025-03,37.68
63,1,0,2025-04,37.36
63,1,0,2025-05,35.72
63,1,0,2025-06,38.55
63,1,0,2025-07,33.6
63,1,0,2025-08,30.15
63,1,0,2025-09,32.58
63,1,0,2025-10,29.14
63,1,0,2025-11,33.0
63,1,0,2025-12,30.98
63,1,0,2026-01,31.58
63,1,0,2026-02,26.71
63,1,0,2026-03,34.28
63,1,0,2026-04,35.93
63,1,0,2026-05,32.83
63,1,0,2026-06,34.57
63,1,0,2026-07,30.82
63,1,0,2026-08,25.41
63,1,0,2026-09,23.95
63,1,0,2026-10,33.57
63,1,0,2026-11,22.4
63,1,0,2026-12,31.07
63,1,0,2027-01,29.48
63,1,0,2027-02,31.86
64,0,0,2023-01,28.92
64,0,0,2023-02,30.54
64,0,0,2023-03,25.68
64,0,0,2023-04,30.5
64,0,0,2023-05,22.36
64,0,0,2023-06,27.21
64,0,0,2023-07,31.38
64,0,0,2023-08,25.21
64,0,0,2023-09,24.17
64,0,0,2023-10,21.12
64,0,0,2023-11,24.13
64,0,0,2023-12,25.47
64,0,0,2024-01,26.88
64,0,0,2024-02,29.93
64,0,0,2024-03,27.13
64,0,0,2024-04,24.41
64,0,0,2024-05,25.6
64,0,0,2024-06,23.47
64,0,0,2024-07,29.26
64,0,0,2024-08,25.91
64,0,0,2024-09,22.91
64,0,0,2024-10,25.89
64,0,0,2024-11,22.23
64,0,0,2024-12,24.46
64,0,0,2025-01,25.2
64,0,0,2025-02,26.29
64,0,0,2025-03,27.72
64,0,0,2025-04,26.21
64,0,0,2025-05,21.5
64,0,0,2025-06,29.33
64,0,0,2025-07,28.54
64,0,0,2025-08,24.75
64,0,0,2025-09,23.11
64,0,0,2025-10,17.62
64,0,0,2025-11,27.89
64,0,0,2025-12,25.6
64,0,0,2026-01,24.28
64,0,0,2026-02,24.71
64,0,0,2026-03,25.65
64,0,0,2026-04,29.42
64,0,0,2026-05,23.07
64,0,0,2026-06,26.59
64,0,0,2026-07,27.36
64,0,0,2026-08,24.75
64,0,0,2026-09,26.28
64,0,0,2026-10,22.86
64,0,0,2026-11,25.72
64,0,0,2026-12,23.43
64,0,0,2027-01,34.65
64,0,0,2027-02,31.77
65,1,1,2023-01,36.97
65,1,1,2023-02,47.38
65,1,1,2023-03,42.23
65,1,1,2023-04,44.8
65,1,1,2023-05,38.72
65,1,1,2023-06,42.8
65,1,1,2023-07,42.86
65,1,1,2023-08,43.41
65,1,1,2023-09,41.96
65,1,1,2023-10,35.72
65,1,1,2023-11,40.86
65,1,1,2023-12,35.11
65,1,1,2024-01,40.92
65,1,1,2024-02,42.4
65,1,1,2024-03,43.81
65,1,1,2024-04,41.24
65,1,1,2024-05,41.76
65,1,1,2024-06,40.76
65,1,1,2024-07,45.5
65,1,1,2024-08,47.12
65,1,1,2024-09,41.38
65,1,1,2024-10,42.0
65,1,1,2024-11,43.9
65,1,1,2024-12,41.15
65,1,1,2025-01,40.79
65,1,1,2025-02,41.68
65,1,1,2025-03,42.29
65,1,1,2025-04,47.82
65,1,1,2025-05,41.35
65,1,1,2025-06,41.54
65,1,1,2025-07,39.7
65,1,1,2025-08,41.26
65,1,1,2025-09,39.56
65,1,1,2025-10,41.98
65,1,1,2025-11,45.33
65,1,1,2025-12,42.41
65,1,1,2026-01,41.24
65,1,1,2026-02,41.34
65,1,1,2026-03,44.8
65,1,1,2026-04,44.7
65,1,1,2026-05,37.88
65,1,1,2026-06,40.15
65,1,1,2026-07,32.06
65,1,1,2026-08,45.12
65,1,1,2026-09,33.16
65,1,1,2026-10,34.91
65,1,1,2026-11,39.96
65,1,1,2026-12,33.83
65,1,1,2027-01,38.4
65,1,1,2027-02,41.02
66,1,1,2023-01,45.76
66,1,1,2023-02,44.45
66,1,1,2023-03,45.14
66,1,1,2023-04,43.99
66,1,1,2023-05,49.79
66,1,1,2023-06,48.03
66,1,1,2023-07,45.46
66,1,1,2023-08,45.43
66,1,1,2023-09,47.2
66,1,1,2023-10,44.16
66,1,1,2023-11,45.27
66,1,1,2023-12,41.14
66,1,1,2024-01,39.74
66,1,1,2024-02,44.41
66,1,1,2024-03,48.04
66,1,1,2024-04,44.21
66,1,1,2024-05,44.55
66,1,1,2024-06,37.49
66,1,1,2024-07,51.48
66,1,1,2024-08,43.45
66,1,1,2024-09,42.29
66,1,1,2024-10,38.99
66,1,1,2024-11,38.93
66,1,1,2024-12,44.85
66,1,1,2025-01,44.38
66,1,1,2025-02,39.49
66,1,1,2025-03,46.96
66,1,1,2025-04,40.48
66,1,1,2025-05,42.98
66,1,1,2025-06,45.95
66,1,1,2025-07,45.6
66,1,1,2025-08,43.17
66,1,1,2025-09,44.59
66,1,1,2025-10,41.91
66,1,1,2025-11,40.15
66,1,1,2025-12,44.02
66,1,1,2026-01,41.78
66,1,1,2026-02,40.08
66,1,1,2026-03,42.9
66,1,1,2026-04,41.78
66,1,1,2026-05,38.43
66,1,1,2026-06,41.61
66,1,1,2026-07,40.89
66,1,1,2026-08,40.24
66,1,1,2026-09,37.14
66,1,1,2026-10,39.44
66,1,1,2026-11,33.84
66,1,1,2026-12,31.45
66,1,1,2027-01,31.42
66,1,1,2027-02,38.93
67,0,0,2023-01,21.94
67,0,0,2023-02,30.5
67,0,0,2023-03,23.04
67,0,0,2023-04,24.75
67,0,0,2023-05,25.6
67,0,0,2023-06,25.84
67,0,0,2023-07,23.96
67,0,0,2023-08,19.83
67,0,0,2023-09,21.41
67,0,0,2023-10,20.74
67,0,0,2023-11,15.29
67,0,0,2023-12,20.95
67,0,0,2024-01,23.81
67,0,0,2024-02,27.2
67,0,0,2024-03,23.88
67,0,0,2024-04,28.14
67,0,0,2024-05,23.39
67,0,0,2024-06,32.7
67,0,0,2024-07,24.2
67,0,0,2024-08,24.66
67,0,0,2024-09,21.74
67,0,0,2024-10,24.19
67,0,0,2024-11,23.36
67,0,0,2024-12,23.18
67,0,0,2025-01,18.51
67,0,0,2025-02,21.38
67,0,0,2025-03,28.76
67,0,0,2025-04,21.02
67,0,0,2025-05,16.04
67,0,0,2025-06,25.06
67,0,0,2025-07,21.92
67,0,0,2025-08,26.0
67,0,0,2025-09,21.64
67,0,0,2025-10,21.08
67,0,0,2025-11,24.16
67,0,0,2025-12,22.74
67,0,0,2026-01,31.55
67,0,0,2026-02,28.13
67,0,0,2026-03,20.6
67,0,0,2026-04,30.17
67,0,0,2026-05,19.77
67,0,0,2026-06,25.57
67,0,0,2026-07,25.14
67,0,0,2026-08,19.01
67,0,0,2026-09,21.2
67,0,0,2026-10,27.6
67,0,0,2026-11,24.17
67,0,0,2026-12,18.87
67,0,0,2027-01,25.35
67,0,0,2027-02,21.8
68,0,0,2023-01,25.93
68,0,0,2023-02,30.28
68,0,0,2023-03,27.59
68,0,0,2023-04,34.68
68,0,0,2023-05,30.02
68,0,0,2023-06,24.05
68,0,0,2023-07,28.16
68,0,0,2023-08,22.49
68,0,0,2023-09,28.54
68,0,0,2023-10,21.51
68,0,0,2023-11,27.88
68,0,0,2023-12,30.15
68,0,0,2024-01,29.54
68,0,0,2024-02,31.67
68,0,0,2024-03,23.26
68,0,0,2024-04,29.29
68,0,0,2024-05,30.71
68,0,0,2024-06,30.73
68,0,0,2024-07,33.32
68,0,0,2024-08,25.27
68,0,0,2024-09,24.03
68,0,0,2024-10,27.82
68,0,0,2024-11,31.52
68,0,0,2024-12,30.96
68,0,0,2025-01,26.0
68,0,0,2025-02,26.27
68,0,0,2025-03,27.88
68,0,0,2025-04,38.1
68,0,0,2025-05,34.58
68,0,0,2025-06,35.78
68,0,0,2025-07,35.25
68,0,0,2025-08,29.65
68,0,0,2025-09,28.37
68,0,0,2025-10,22.37
68,0,0,2025-11,32.77
68,0,0,2025-12,22.26
68,0,0,2026-01,31.32
68,0,0,2026-02,22.69
68,0,0,2026-03,24.76
68,0,0,2026-04,29.92
68,0,0,2026-05,33.85
68,0,0,2026-06,32.08
68,0,0,2026-07,30.92
68,0,0,2026-08,30.34
68,0,0,2026-09,32.94
68,0,0,2026-10,25.81
68,0,0,2026-11,33.97
68,0,0,2026-12,27.39
68,0,0,2027-01,27.79
68,0,0,2027-02,26.66
69,1,1,2023-01,44.34
69,1,1,2023-02,42.63
69,1,1,2023-03,48.57
69,1,1,2023-04,46.06
69,1,1,2023-05,50.68
69,1,1,2023-06,49.85
69,1,1,2023-07,45.15
69,1,1,2023-08,48.19
69,1,1,2023-09,43.85
69,1,1,2023-10,45.48
69,1,1,2023-11,46.84
69,1,1,2023-12,40.87
69,1,1,2024-01,47.87
69,1,1,2024-02,51.81
69,1,1,2024-03,49.64
69,1,1,2024-04,43.99
69,1,1,2024-05,45.82
69,1,1,2024-06,48.66
69,1,1,2024-07,45.66
69,1,1,2024-08,43.32
69,1,1,2024-09,48.11
69,1,1,2024-10,49.34
69,1,1,2024-11,44.33
69,1,1,2024-12,49.9
69,1,1,2025-01,51.73
69,1,1,2025-02,46.45
69,1,1,2025-03,48.82
69,1,1,2025-04,48.18
69,1,1,2025-05,48.85
69,1,1,2025-06,48.31
69,1,1,2025-07,47.08
69,1,1,2025-08,44.96
69,1,1,2025-09,41.97
69,1,1,2025-10,46.51
69,1,1,2025-11,48.98
69,1,1,2025-12,49.34
69,1,1,2026-01,44.78
69,1,1,2026-02,44.69
69,1,1,2026-03,46.42
69,1,1,2026-04,48.34
69,1,1,2026-05,46.09
69,1,1,2026-06,36.81
69,1,1,2026-07,42.56
69,1,1,2026-08,44.17
69,1,1,2026-09,40.63
69,1,1,2026-10,42.49
69,1,1,2026-11,40.11
69,1,1,2026-12,37.03
69,1,1,2027-01,39.89
69,1,1,2027-02,33.0
70,0,0,2023-01,37.48
70,0,0,2023-02,30.72
70,0,0,2023-03,36.8
70,0,0,2023-04,33.76
70,0,0,2023-05,31.87
70,0,0,2023-06,36.8
70,0,0,2023-07,33.21
70,0,0,2023-08,31.09
70,0,0,2023-09,29.35
70,0,0,2023-10,29.4
70,0,0,2023-11,32.54
70,0,0,2023-12,33.93
70,0,0,2024-01,34.32
70,0,0,2024-02,38.85
70,0,0,2024-03,38.35
70,0,0,2024-04,38.1
70,0,0,2024-05,35.31
70,0,0,2024-06,39.54
70,0,0,2024-07,30.58
70,0,0,2024-08,28.96
70,0,0,2024-09,31.02
70,0,0,2024-10,34.06
70,0,0,2024-11,31.91
70,0,0,2024-12,30.28
70,0,0,2025-01,32.28
70,0,0,2025-02,29.81
70,0,0,2025-03,32.82
70,0,0,2025-04,38.2
70,0,0,2025-05,40.33
70,0,0,2025-06,31.23
70,0,0,2025-07,31.7
70,0,0,2025-08,29.08
70,0,0,2025-09,34.36
70,0,0,2025-10,28.75
70,0,0,2025-11,30.08
70,0,0,2025-12,33.12
70,0,0,2026-01,29.7
70,0,0,2026-02,29.01
70,0,0,2026-03,35.69
70,0,0,2026-04,33.6
70,0,0,2026-05,37.07
70,0,0,2026-06,38.37
70,0,0,2026-07,35.07
70,0,0,2026-08,33.0
70,0,0,2026-09,29.21
70,0,0,2026-10,29.3
70,0,0,2026-11,34.33
70,0,0,2026-12,33.95
70,0,0,2027-01,32.57
70,0,0,2027-02,34.24
71,1,1,2023-01,36.86
71,1,1,2023-02,39.3
71,1,1,2023-03,43.69
71,1,1,2023-04,39.33
71,1,1,2023-05,35.25
71,1,1,2023-06,38.86
71,1,1,2023-07,34.48
71,1,1,2023-08,34.86
71,1,1,2023-09,34.66
71,1,1,2023-10,34.97
71,1,1,2023-11,36.86
71,1,1,2023-12,35.93
71,1,1,2024-01,44.37
71,1,1,2024-02,39.44
71,1,1,2024-03,41.9
71,1,1,2024-04,35.92
71,1,1,2024-05,38.23
71,1,1,2024-06,37.23
71,1,1,2024-07,35.84
71,1,1,2024-08,40.22
71,1,1,2024-09,33.93
71,1,1,2024-10,31.33
71,1,1,2024-11,32.5
71,1,1,2024-12,39.68
71,1,1,2025-01,41.59
71,1,1,2025-02,36.3
71,1,1,2025-03,41.18
71,1,1,2025-04,37.76
71,1,1,2025-05,38.91
71,1,1,2025-06,37.88
71,1,1,2025-07,36.46
71,1,1,2025-08,37.01
71,1,1,2025-09,37.29
71,1,1,2025-10,37.14
71,1,1,2025-11,35.95
71,1,1,2025-12,34.45
71,1,1,2026-01,37.87
71,1,1,2026-02,35.98
71,1,1,2026-03,36.71
71,1,1,2026-04,39.61
71,1,1,2026-05,31.88
71,1,1,2026-06,36.54
71,1,1,2026-07,36.37
71,1,1,2026-08,32.0
71,1,1,2026-09,31.51
71,1,1,2026-10,28.02
71,1,1,2026-11,30.01
71,1,1,2026-12,29.25
71,1,1,2027-01,31.12
71,1,1,2027-02,28.98
72,1,0,2023-01,34.82
72,1,0,2023-02,33.27
72,1,0,2023-03,28.36
72,1,0,2023-04,30.03
72,1,0,2023-05,37.98
72,1,0,2023-06,37.93
72,1,0,2023-07,34.17
72,1,0,2023-08,31.25
72,1,0,2023-09,28.09
72,1,0,2023-10,30.64
72,1,0,2023-11,34.4
72,1,0,2023-12,30.56
72,1,0,2024-01,36.2
72,1,0,2024-02,30.03
72,1,0,2024-03,36.69
72,1,0,2024-04,41.95
72,1,0,2024-05,33.73
72,1,0,2024-06,37.17
72,1,0,2024-07,28.43
72,1,0,2024-08,33.61
72,1,0,2024-09,31.3
72,1,0,2024-10,33.07
72,1,0,2024-11,31.36
72,1,0,2024-12,37.56
72,1,0,2025-01,34.3
72,1,0,2025-02,36.58
72,1,0,2025-03,40.02
72,1,0,2025-04,41.76
72,1,0,2025-05,30.43
72,1,0,2025-06,35.18
72,1,0,2025-07,35.77
72,1,0,2025-08,31.61
72,1,0,2025-09,36.51
72,1,0,2025-10,34.24
72,1,0,2025-11,35.46
72,1,0,2025-12,32.57
72,1,0,2026-01,35.8
72,1,0,2026-02,32.29
72,1,0,2026-03,32.96
72,1,0,2026-04,34.53
72,1,0,2026-05,28.44
72,1,0,2026-06,29.64
72,1,0,2026-07,27.14
72,1,0,2026-08,28.2
72,1,0,2026-09,27.17
72,1,0,2026-10,28.17
72,1,0,2026-11,27.99
72,1,0,2026-12,30.4
72,1,0,2027-01,33.4
72,1,0,2027-02,24.35
73,0,0,2023-01,36.45
73,0,0,2023-02,42.1
73,0,0,2023-03,38.75
73,0,0,2023-04,39.09
73,0,0,2023-05,31.7
73,0,0,2023-06,32.89
73,0,0,2023-07,37.46
73,0,0,2023-08,32.02
73,0,0,2023-09,39.26
73,0,0,2023-10,32.48
73,0,0,2023-11,34.13
73,0,0,2023-12,34.49
73,0,0,2024-01,40.47
73,0,0,2024-02,40.14
73,0,0,2024-03,39.67
73,0,0,2024-04,38.43
73,0,0,2024-05,40.2
73,0,0,2024-06,30.38
73,0,0,2024-07,37.15
73,0,0,2024-08,37.02
73,0,0,2024-09,34.84
73,0,0,2024-10,35.84
73,0,0,2024-11,38.74
73,0,0,2024-12,38.65
73,0,0,2025-01,35.16
73,0,0,2025-02,42.39
73,0,0,2025-03,34.55
73,0,0,2025-04,37.22
73,0,0,2025-05,39.94
73,0,0,2025-06,36.33
73,0,0,2025-07,36.09
73,0,0,2025-08,36.15
73,0,0,2025-09,33.62
73,0,0,2025-10,39.65
73,0,0,2025-11,34.82
73,0,0,2025-12,34.45
73,0,0,2026-01,38.26
73,0,0,2026-02,37.25
73,0,0,2026-03,37.32
73,0,0,2026-04,39.02
73,0,0,2026-05,34.42
73,0,0,2026-06,40.03
73,0,0,2026-07,34.18
73,0,0,2026-08,36.42
73,0,0,2026-09,39.94
73,0,0,2026-10,36.38
73,0,0,2026-11,31.4
73,0,0,2026-12,35.51
73,0,0,2027-01,32.25
73,0,0,2027-02,37.37
74,1,0,2023-01,50.15
74,1,0,2023-02,51.4
74,1,0,2023-03,48.69
74,1,0,2023-04,46.15
74,1,0,2023-05,48.23
74,1,0,2023-06,50.15
74,1,0,2023-07,46.56
74,1,0,2023-08,46.12
74,1,0,2023-09,41.75
74,1,0,2023-10,46.08
74,1,0,2023-11,48.81
74,1,0,2023-12,43.73
74,1,0,2024-01,49.85
74,1,0,2024-02,42.6
74,1,0,2024-03,47.96
74,1,0,2024-04,51.56
74,1,0,2024-05,50.17
74,1,0,2024-06,47.48
74,1,0,2024-07,47.32
74,1,0,2024-08,45.95
74,1,0,2024-09,44.76
74,1,0,2024-10,47.71
74,1,0,2024-11,46.88
74,1,0,2024-12,53.18
74,1,0,2025-01,44.86
74,1,0,2025-02,54.18
74,1,0,2025-03,52.65
74,1,0,2025-04,54.98
74,1,0,2025-05,47.44
74,1,0,2025-06,50.41
74,1,0,2025-07,51.89
74,1,0,2025-08,47.42
74,1,0,2025-09,45.77
74,1,0,2025-10,51.05
74,1,0,2025-11,46.24
74,1,0,2025-12,44.53
74,1,0,2026-01,47.74
74,1,0,2026-02,49.75
74,1,0,2026-03,46.34
74,1,0,2026-04,47.95
74,1,0,2026-05,46.27
74,1,0,2026-06,40.82
74,1,0,2026-07,45.4
74,1,0,2026-08,42.59
74,1,0,2026-09,44.13
74,1,0,2026-10,39.62
74,1,0,2026-11,43.61
74,1,0,2026-12,42.11
74,1,0,2027-01,42.23
74,1,0,2027-02,39.95
75,0,0,2023-01,48.66
75,0,0,2023-02,54.59
75,0,0,2023-03,46.83
75,0,0,2023-04,53.45
75,0,0,2023-05,55.39
75,0,0,2023-06,50.01
75,0,0,2023-07,51.25
75,0,0,2023-08,54.92
75,0,0,2023-09,51.39
75,0,0,2023-10,53.82
75,0,0,2023-11,45.46
75,0,0,2023-12,54.89
75,0,0,2024-01,50.59
75,0,0,2024-02,53.41
75,0,0,2024-03,51.9
75,0,0,2024-04,50.11
75,0,0,2024-05,50.99
75,0,0,2024-06,48.25
75,0,0,2024-07,56.2
75,0,0,2024-08,52.01
75,0,0,2024-09,56.08
75,0,0,2024-10,56.23
75,0,0,2024-11,43.58
75,0,0,2024-12,50.74
75,0,0,2025-01,48.93
75,0,0,2025-02,50.91
75,0,0,2025-03,47.56
75,0,0,2025-04,56.83
75,0,0,2025-05,52.44
75,0,0,2025-06,50.02
75,0,0,2025-07,51.15
75,0,0,2025-08,49.21
75,0,0,2025-09,50.97
75,0,0,2025-10,47.04
75,0,0,2025-11,49.19
75,0,0,2025-12,51.35
75,0,0,2026-01,47.81
75,0,0,2026-02,54.16
75,0,0,2026-03,52.68
75,0,0,2026-04,53.56
75,0,0,2026-05,58.26
75,0,0,2026-06,49.77
75,0,0,2026-07,53.63
75,0,0,2026-08,44.24
75,0,0,2026-09,52.99
75,0,0,2026-10,47.24
75,0,0,2026-11,52.4
75,0,0,2026-12,46.88
75,0,0,2027-01,54.86
75,0,0,2027-02,53.05
76,1,1,2023-01,31.03
76,1,1,2023-02,35.64
76,1,1,2023-03,32.52
76,1,1,2023-04,36.4
76,1,1,2023-05,36.57
76,1,1,2023-06,32.37
76,1,1,2023-07,33.49
76,1,1,2023-08,32.66
76,1,1,2023-09,35.03
76,1,1,2023-10,33.82
76,1,1,2023-11,30.13
76,1,1,2023-12,31.89
76,1,1,2024-01,33.83
76,1,1,2024-02,31.13
76,1,1,2024-03,35.34
76,1,1,2024-04,34.36
76,1,1,2024-05,43.88
76,1,1,2024-06,39.9
76,1,1,2024-07,33.32
76,1,1,2024-08,30.32
76,1,1,2024-09,31.87
76,1,1,2024-10,32.1
76,1,1,2024-11,32.31
76,1,1,2024-12,34.8
76,1,1,2025-01,35.1
76,1,1,2025-02,35.91
76,1,1,2025-03,36.71
76,1,1,2025-04,34.96
76,1,1,2025-05,33.18
76,1,1,2025-06,34.83
76,1,1,2025-07,34.25
76,1,1,2025-08,30.9
76,1,1,2025-09,40.91
76,1,1,2025-10,35.49
76,1,1,2025-11,27.39
76,1,1,2025-12,36.86
76,1,1,2026-01,36.65
76,1,1,2026-02,40.1
76,1,1,2026-03,33.81
76,1,1,2026-04,33.65
76,1,1,2026-05,31.64
76,1,1,2026-06,32.83
76,1,1,2026-07,30.1
76,1,1,2026-08,29.89
76,1,1,2026-09,29.39
76,1,1,2026-10,25.0
76,1,1,2026-11,24.09
76,1,1,2026-12,28.35
76,1,1,2027-01,17.57
76,1,1,2027-02,26.07
77,1,0,2023-01,32.3
77,1,0,2023-02,36.22
77,1,0,2023-03,35.56
77,1,0,2023-04,36.43
77,1,0,2023-05,28.72
77,1,0,2023-06,33.07
77,1,0,2023-07,35.48
77,1,0,2023-08,35.47
77,1,0,2023-09,31.06
77,1,0,2023-10,32.32
77,1,0,2023-11,31.61
77,1,0,2023-12,34.77
77,1,0,2024-01,32.81
77,1,0,2024-02,35.96
77,1,0,2024-03,38.83
77,1,0,2024-04,39.95
77,1,0,2024-05,37.6
77,1,0,2024-06,35.46
77,1,0,2024-07,34.86
77,1,0,2024-08,36.83
77,1,0,2024-09,37.19
77,1,0,2024-10,32.67
77,1,0,2024-11,31.49
77,1,0,2024-12,37.21
77,1,0,2025-01,37.24
77,1,0,2025-02,34.75
77,1,0,2025-03,32.54
77,1,0,2025-04,37.13
77,1,0,2025-05,33.28
77,1,0,2025-06,36.67
77,1,0,2025-07,33.75
77,1,0,2025-08,37.23
77,1,0,2025-09,34.7
77,1,0,2025-10,32.65
77,1,0,2025-11,35.17
77,1,0,2025-12,35.15
77,1,0,2026-01,33.7
77,1,0,2026-02,40.68
77,1,0,2026-03,32.09
77,1,0,2026-04,34.24
77,1,0,2026-05,29.0
77,1,0,2026-06,26.4
77,1,0,2026-07,26.34
77,1,0,2026-08,31.05
77,1,0,2026-09,30.63
77,1,0,2026-10,30.24
77,1,0,2026-11,26.05
77,1,0,2026-12,29.72
77,1,0,2027-01,28.08
77,1,0,2027-02,22.17
78,0,0,2023-01,33.46
78,0,0,2023-02,36.27
78,0,0,2023-03,38.78
78,0,0,2023-04,30.69
78,0,0,2023-05,37.31
78,0,0,2023-06,38.81
78,0,0,2023-07,34.55
78,0,0,2023-08,30.98
78,0,0,2023-09,32.11
78,0,0,2023-10,36.55
78,0,0,2023-11,32.21
78,0,0,2023-12,31.69
78,0,0,2024-01,35.99
78,0,0,2024-02,37.5
78,0,0,2024-03,36.02
78,0,0,2024-04,38.65
78,0,0,2024-05,40.0
78,0,0,2024-06,37.58
78,0,0,2024-07,34.8
78,0,0,2024-08,32.69
78,0,0,2024-09,36.93
78,0,0,2024-10,31.0
78,0,0,2024-11,35.82
78,0,0,2024-12,34.29
78,0,0,2025-01,33.7
78,0,0,2025-02,34.23
78,0,0,2025-03,33.99
78,0,0,2025-04,38.2
78,0,0,2025-05,33.92
78,0,0,2025-06,37.1
78,0,0,2025-07,39.92
78,0,0,2025-08,33.82
78,0,0,2025-09,35.97
78,0,0,2025-10,32.83
78,0,0,2025-11,34.43
78,0,0,2025-12,36.97
78,0,0,2026-01,35.09
78,0,0,2026-02,36.95
78,0,0,2026-03,30.66
78,0,0,2026-04,29.96
78,0,0,2026-05,39.55
78,0,0,2026-06,39.32
78,0,0,2026-07,35.28
78,0,0,2026-08,41.36
78,0,0,2026-09,35.74
78,0,0,2026-10,37.18
78,0,0,2026-11,33.92
78,0,0,2026-12,35.54
78,0,0,2027-01,37.17
78,0,0,2027-02,39.85
79,1,1,2023-01,25.23
79,1,1,2023-02,29.63
79,1,1,2023-03,30.74
79,1,1,2023-04,30.25
79,1,1,2023-05,34.57
79,1,1,2023-06,30.14
79,1,1,2023-07,35.16
79,1,1,2023-08,31.67
79,1,1,2023-09,32.32
79,1,1,2023-10,33.37
79,1,1,2023-11,28.1
79,1,1,2023-12,28.46
79,1,1,2024-01,29.12
79,1,1,2024-02,27.77
79,1,1,2024-03,34.44
79,1,1,2024-04,31.54
79,1,1,2024-05,27.19
79,1,1,2024-06,29.37
79,1,1,2024-07,28.15
79,1,1,2024-08,29.66
79,1,1,2024-09,30.39
79,1,1,2024-10,29.52
79,1,1,2024-11,35.1
79,1,1,2024-12,26.8
79,1,1,2025-01,31.23
79,1,1,2025-02,25.91
79,1,1,2025-03,30.29
79,1,1,2025-04,32.94
79,1,1,2025-05,32.26
79,1,1,2025-06,29.74
79,1,1,2025-07,26.87
79,1,1,2025-08,27.97
79,1,1,2025-09,30.59
79,1,1,2025-10,27.22
79,1,1,2025-11,30.51
79,1,1,2025-12,29.87
79,1,1,2026-01,29.79
79,1,1,2026-02,30.56
79,1,1,2026-03,31.96
79,1,1,2026-04,29.37
79,1,1,2026-05,22.59
79,1,1,2026-06,25.47
79,1,1,2026-07,25.34
79,1,1,2026-08,18.88
79,1,1,2026-09,19.87
79,1,1,2026-10,20.37
79,1,1,2026-11,17.8
79,1,1,2026-12,20.52
79,1,1,2027-01,21.16
79,1,1,2027-02,20.83
80,1,1,2023-01,20.09
80,1,1,2023-02,25.6
80,1,1,2023-03,21.59
80,1,1,2023-04,24.9
80,1,1,2023-05,21.75
80,1,1,2023-06,13.83
80,1,1,2023-07,22.55
80,1,1,2023-08,18.39
80,1,1,2023-09,25.38
80,1,1,2023-10,23.8
80,1,1,2023-11,15.85
80,1,1,2023-12,25.82
80,1,1,2024-01,19.66
80,1,1,2024-02,20.96
80,1,1,2024-03,23.64
80,1,1,2024-04,21.6
80,1,1,2024-05,18.46
80,1,1,2024-06,16.82
80,1,1,2024-07,28.57
80,1,1,2024-08,19.96
80,1,1,2024-09,23.56
80,1,1,2024-10,23.59
80,1,1,2024-11,28.15
80,1,1,2024-12,22.11
80,1,1,2025-01,17.81
80,1,1,2025-02,24.92
80,1,1,2025-03,27.16
80,1,1,2025-04,22.17
80,1,1,2025-05,23.87
80,1,1,2025-06,24.39
80,1,1,2025-07,23.91
80,1,1,2025-08,24.19
80,1,1,2025-09,21.2
80,1,1,2025-10,27.0
80,1,1,2025-11,16.97
80,1,1,2025-12,23.24
80,1,1,2026-01,23.61
80,1,1,2026-02,23.42
80,1,1,2026-03,20.25
80,1,1,2026-04,23.05
80,1,1,2026-05,18.44
80,1,1,2026-06,17.39
80,1,1,2026-07,14.86
80,1,1,2026-08,10.81
80,1,1,2026-09,14.15
80,1,1,2026-10,16.5
80,1,1,2026-11,14.34
80,1,1,2026-12,14.86
80,1,1,2027-01,9.52
80,1,1,2027-02,14.1
81,0,0,2023-01,36.76
81,0,0,2023-02,38.88
81,0,0,2023-03,40.29
81,0,0,2023-04,41.98
81,0,0,2023-05,44.95
81,0,0,2023-06,41.62
81,0,0,2023-07,38.95
81,0,0,2023-08,37.3
81,0,0,2023-09,31.83
81,0,0,2023-10,29.71
81,0,0,2023-11,37.55
81,0,0,2023-12,39.12
81,0,0,2024-01,41.89
81,0,0,2024-02,41.81
81,0,0,2024-03,44.42
81,0,0,2024-04,39.95
81,0,0,2024-05,42.36
81,0,0,2024-06,40.26
81,0,0,2024-07,37.82
81,0,0,2024-08,34.3
81,0,0,2024-09,37.81
81,0,0,2024-10,38.35
81,0,0,2024-11,32.88
81,0,0,2024-12,33.71
81,0,0,2025-01,39.49
81,0,0,2025-02,38.37
81,0,0,2025-03,45.05
81,0,0,2025-04,38.58
81,0,0,2025-05,40.31
81,0,0,2025-06,36.23
81,0,0,2025-07,36.25
81,0,0,2025-08,38.64
81,0,0,2025-09,38.64
81,0,0,2025-10,34.79
81,0,0,2025-11,38.47
81,0,0,2025-12,40.0
81,0,0,2026-01,44.71
81,0,0,2026-02,41.48
81,0,0,2026-03,38.3
81,0,0,2026-04,43.85
81,0,0,2026-05,36.19
81,0,0,2026-06,41.91
81,0,0,2026-07,44.43
81,0,0,2026-08,43.67
81,0,0,2026-09,37.94
81,0,0,2026-10,37.79
81,0,0,2026-11,32.55
81,0,0,2026-12,34.44
81,0,0,2027-01,37.16
81,0,0,2027-02,42.34
82,0,0,2023-01,15.88
82,0,0,2023-02,18.45
82,0,0,2023-03,16.67
82,0,0,2023-04,23.69
82,0,0,2023-05,19.4
82,0,0,2023-06,17.08
82,0,0,2023-07,21.94
82,0,0,2023-08,13.35
82,0,0,2023-09,17.54
82,0,0,2023-10,20.5
82,0,0,2023-11,16.07
82,0,0,2023-12,23.41
82,0,0,2024-01,23.64
82,0,0,2024-02,16.61
82,0,0,2024-03,11.96
82,0,0,2024-04,20.91
82,0,0,2024-05,21.37
82,0,0,2024-06,18.71
82,0,0,2024-07,18.1
82,0,0,2024-08,15.2
82,0,0,2024-09,20.32
82,0,0,2024-10,17.2
82,0,0,2024-11,20.87
82,0,0,2024-12,9.12
82,0,0,2025-01,16.27
82,0,0,2025-02,20.13
82,0,0,2025-03,19.67
82,0,0,2025-04,21.9
82,0,0,2025-05,13.33
82,0,0,2025-06,22.21
82,0,0,2025-07,14.54
82,0,0,2025-08,14.85
82,0,0,2025-09,14.49
82,0,0,2025-10,19.56
82,0,0,2025-11,21.53
82,0,0,2025-12,18.22
82,0,0,2026-01,22.58
82,0,0,2026-02,21.19
82,0,0,2026-03,21.71
82,0,0,2026-04,20.04
82,0,0,2026-05,20.02
82,0,0,2026-06,16.01
82,0,0,2026-07,16.24
82,0,0,2026-08,18.17
82,0,0,2026-09,12.52
82,0,0,2026-10,16.81
82,0,0,2026-11,17.55
82,0,0,2026-12,23.09
82,0,0,2027-01,10.71
82,0,0,2027-02,19.05
83,1,0,2023-01,34.46
83,1,0,2023-02,31.87
83,1,0,2023-03,38.34
83,1,0,2023-04,39.02
83,1,0,2023-05,34.79
83,1,0,2023-06,33.39
83,1,0,2023-07,31.71
83,1,0,2023-08,36.04
83,1,0,2023-09,29.98
83,1,0,2023-10,30.27
83,1,0,2023-11,32.79
83,1,0,2023-12,32.26
83,1,0,2024-01,35.26
83,1,0,2024-02,34.31
83,1,0,2024-03,35.41
83,1,0,2024-04,31.49
83,1,0,2024-05,34.82
83,1,0,2024-06,32.5
83,1,0,2024-07,33.34
83,1,0,2024-08,30.68
83,1,0,2024-09,33.68
83,1,0,2024-10,30.01
83,1,0,2024-11,27.86
83,1,0,2024-12,34.45
83,1,0,2025-01,34.4
83,1,0,2025-02,39.95
83,1,0,2025-03,35.86
83,1,0,2025-04,37.28
83,1,0,2025-05,36.0
83,1,0,2025-06,39.33
83,1,0,2025-07,33.68
83,1,0,2025-08,36.82
83,1,0,2025-09,37.13
83,1,0,2025-10,33.04
83,1,0,2025-11,33.92
83,1,0,2025-12,35.59
83,1,0,2026-01,42.12
83,1,0,2026-02,29.74
83,1,0,2026-03,38.28
83,1,0,2026-04,37.65
83,1,0,2026-05,36.25
83,1,0,2026-06,29.53
83,1,0,2026-07,32.69
83,1,0,2026-08,29.18
83,1,0,2026-09,31.44
83,1,0,2026-10,27.92
83,1,0,2026-11,29.2
83,1,0,2026-12,27.24
83,1,0,2027-01,30.32
83,1,0,2027-02,31.28
84,0,0,2023-01,38.59
84,0,0,2023-02,50.44
84,0,0,2023-03,45.18
84,0,0,2023-04,44.27
84,0,0,2023-05,45.95
84,0,0,2023-06,48.19
84,0,0,2023-07,39.93
84,0,0,2023-08,38.9
84,0,0,2023-09,43.31
84,0,0,2023-10,41.07
84,0,0,2023-11,39.62
84,0,0,2023-12,42.11
84,0,0,2024-01,38.96
84,0,0,2024-02,45.68
84,0,0,2024-03,43.59
84,0,0,2024-04,41.66
84,0,0,2024-05,41.81
84,0,0,2024-06,46.98
84,0,0,2024-07,40.98
84,0,0,2024-08,40.14
84,0,0,2024-09,41.48
84,0,0,2024-10,40.35
84,0,0,2024-11,42.66
84,0,0,2024-12,45.38
84,0,0,2025-01,44.06
84,0,0,2025-02,44.88
84,0,0,2025-03,49.24
84,0,0,2025-04,41.63
84,0,0,2025-05,43.17
84,0,0,2025-06,46.76
84,0,0,2025-07,43.44
84,0,0,2025-08,47.13
84,0,0,2025-09,42.3
84,0,0,2025-10,43.54
84,0,0,2025-11,40.67
84,0,0,2025-12,46.15
84,0,0,2026-01,46.69
84,0,0,2026-02,41.71
84,0,0,2026-03,43.69
84,0,0,2026-04,48.99
84,0,0,2026-05,45.89
84,0,0,2026-06,41.36
84,0,0,2026-07,42.26
84,0,0,2026-08,46.04
84,0,0,2026-09,45.09
84,0,0,2026-10,47.2
84,0,0,2026-11,45.61
84,0,0,2026-12,39.75
84,0,0,2027-01,43.56
84,0,0,2027-02,48.33
85,0,0,2023-01,32.09
85,0,0,2023-02,38.96
85,0,0,2023-03,40.68
85,0,0,2023-04,40.83
85,0,0,2023-05,40.44
85,0,0,2023-06,37.26
85,0,0,2023-07,40.39
85,0,0,2023-08,39.58
85,0,0,2023-09,35.81
85,0,0,2023-10,35.04
85,0,0,2023-11,38.16
85,0,0,2023-12,35.88
85,0,0,2024-01,37.85
85,0,0,2024-02,36.64
85,0,0,2024-03,36.35
85,0,0,2024-04,35.27
85,0,0,2024-05,39.52
85,0,0,2024-06,37.34
85,0,0,2024-07,40.79
85,0,0,2024-08,32.61
85,0,0,2024-09,37.17
85,0,0,2024-10,36.35
85,0,0,2024-11,38.32
85,0,0,2024-12,40.46
85,0,0,2025-01,41.43
85,0,0,2025-02,43.21
85,0,0,2025-03,38.1
85,0,0,2025-04,41.23
85,0,0,2025-05,34.37
85,0,0,2025-06,40.55
85,0,0,2025-07,37.82
85,0,0,2025-08,34.55
85,0,0,2025-09,37.85
85,0,0,2025-10,44.06
85,0,0,2025-11,40.58
85,0,0,2025-12,42.82
85,0,0,2026-01,41.49
85,0,0,2026-02,43.42
85,0,0,2026-03,39.93
85,0,0,2026-04,39.4
85,0,0,2026-05,38.55
85,0,0,2026-06,37.92
85,0,0,2026-07,37.31
85,0,0,2026-08,40.53
85,0,0,2026-09,38.79
85,0,0,2026-10,35.12
85,0,0,2026-11,37.04
85,0,0,2026-12,39.61
85,0,0,2027-01,38.04
85,0,0,2027-02,38.18
86,0,0,2023-01,25.83
86,0,0,2023-02,24.32
86,0,0,2023-03,27.96
86,0,0,2023-04,24.34
86,0,0,2023-05,27.04
86,0,0,2023-06,25.01
86,0,0,2023-07,27.65
86,0,0,2023-08,21.3
86,0,0,2023-09,26.73
86,0,0,2023-10,20.04
86,0,0,2023-11,21.1
86,0,0,2023-12,23.3
86,0,0,2024-01,27.67
86,0,0,2024-02,23.2
86,0,0,2024-03,32.27
86,0,0,2024-04,26.67
86,0,0,2024-05,29.31
86,0,0,2024-06,28.18
86,0,0,2024-07,17.47
86,0,0,2024-08,23.09
86,0,0,2024-09,24.03
86,0,0,2024-10,28.42
86,0,0,2024-11,29.3
86,0,0,2024-12,27.61
86,0,0,2025-01,23.94
86,0,0,2025-02,27.33
86,0,0,2025-03,24.94
86,0,0,2025-04,30.9
86,0,0,2025-05,26.05
86,0,0,2025-06,30.41
86,0,0,2025-07,34.65
86,0,0,2025-08,25.71
86,0,0,2025-09,24.65
86,0,0,2025-10,20.82
86,0,0,2025-11,30.32
86,0,0,2025-12,27.13
86,0,0,2026-01,27.7
86,0,0,2026-02,26.96
86,0,0,2026-03,24.15
86,0,0,2026-04,28.8
86,0,0,2026-05,27.86
86,0,0,2026-06,32.72
86,0,0,2026-07,30.11
86,0,0,2026-08,23.27
86,0,0,2026-09,25.42
86,0,0,2026-10,23.12
86,0,0,2026-11,24.07
86,0,0,2026-12,28.55
86,0,0,2027-01,26.7
86,0,0,2027-02,31.09
87,1,0,2023-01,33.37
87,1,0,2023-02,31.91
87,1,0,2023-03,40.91
87,1,0,2023-04,37.66
87,1,0,2023-05,38.88
87,1,0,2023-06,45.25
87,1,0,2023-07,37.25
87,1,0,2023-08,38.66
87,1,0,2023-09,35.62
87,1,0,2023-10,38.97
87,1,0,2023-11,35.56
87,1,0,2023-12,38.06
87,1,0,2024-01,38.68
87,1,0,2024-02,43.16
87,1,0,2024-03,35.95
87,1,0,2024-04,47.19
87,1,0,2024-05,40.49
87,1,0,2024-06,41.89
87,1,0,2024-07,35.08
87,1,0,2024-08,37.38
87,1,0,2024-09,36.89
87,1,0,2024-10,33.6
87,1,0,2024-11,36.13
87,1,0,2024-12,39.05
87,1,0,2025-01,40.95
87,1,0,2025-02,40.97
87,1,0,2025-03,34.86
87,1,0,2025-04,34.32
87,1,0,2025-05,38.11
87,1,0,2025-06,41.38
87,1,0,2025-07,35.93
87,1,0,2025-08,40.42
87,1,0,2025-09,32.94
87,1,0,2025-10,37.05
87,1,0,2025-11,38.75
87,1,0,2025-12,33.42
87,1,0,2026-01,42.51
87,1,0,2026-02,41.59
87,1,0,2026-03,32.01
87,1,0,2026-04,33.82
87,1,0,2026-05,35.09
87,1,0,2026-06,32.51
87,1,0,2026-07,32.48
87,1,0,2026-08,37.92
87,1,0,2026-09,25.5
87,1,0,2026-10,36.31
87,1,0,2026-11,33.44
87,1,0,2026-12,33.14
87,1,0,2027-01,34.88
87,1,0,2027-02,34.26
88,1,1,2023-01,36.66
88,1,1,2023-02,37.23
88,1,1,2023-03,38.15
88,1,1,2023-04,40.16
88,1,1,2023-05,44.96
88,1,1,2023-06,40.25
88,1,1,2023-07,38.27
88,1,1,2023-08,39.9
88,1,1,2023-09,36.69
88,1,1,2023-10,37.23
88,1,1,2023-11,33.99
88,1,1,2023-12,42.18
88,1,1,2024-01,41.83
88,1,1,2024-02,39.54
88,1,1,2024-03,43.64
88,1,1,2024-04,42.0
88,1,1,2024-05,40.84
88,1,1,2024-06,45.18
88,1,1,2024-07,40.55
88,1,1,2024-08,33.93
88,1,1,2024-09,38.68
88,1,1,2024-10,41.1
88,1,1,2024-11,33.43
88,1,1,2024-12,37.46
88,1,1,2025-01,39.35
88,1,1,2025-02,38.25
88,1,1,2025-03,45.45
88,1,1,2025-04,45.34
88,1,1,2025-05,39.99
88,1,1,2025-06,43.1
88,1,1,2025-07,38.36
88,1,1,2025-08,39.73
88,1,1,2025-09,38.6
88,1,1,2025-10,34.01
88,1,1,2025-11,40.95
88,1,1,2025-12,41.7
88,1,1,2026-01,41.2
88,1,1,2026-02,40.76
88,1,1,2026-03,39.29
88,1,1,2026-04,36.89
88,1,1,2026-05,41.53
88,1,1,2026-06,36.2
88,1,1,2026-07,31.19
88,1,1,2026-08,33.97
88,1,1,2026-09,39.59
88,1,1,2026-10,28.84
88,1,1,2026-11,27.63
88,1,1,2026-12,30.41
88,1,1,2027-01,36.4
88,1,1,2027-02,36.02
89,0,0,2023-01,47.81
89,0,0,2023-02,52.41
89,0,0,2023-03,55.47
89,0,0,2023-04,48.78
89,0,0,2023-05,52.97
89,0,0,2023-06,49.95
89,0,0,2023-07,45.6
89,0,0,2023-08,42.64
89,0,0,2023-09,45.79
89,0,0,2023-10,42.01
89,0,0,2023-11,49.12
89,0,0,2023-12,49.55
89,0,0,2024-01,45.91
89,0,0,2024-02,50.81
89,0,0,2024-03,47.82
89,0,0,2024-04,53.34
89,0,0,2024-05,52.34
89,0,0,2024-06,50.37
89,0,0,2024-07,49.0
89,0,0,2024-08,49.41
89,0,0,2024-09,46.03
89,0,0,2024-10,51.39
89,0,0,2024-11,49.28
89,0,0,2024-12,49.03
89,0,0,2025-01,48.5
89,0,0,2025-02,47.33
89,0,0,2025-03,45.19
89,0,0,2025-04,51.58
89,0,0,2025-05,50.81
89,0,0,2025-06,51.49
89,0,0,2025-07,42.94
89,0,0,2025-08,45.66
89,0,0,2025-09,43.47
89,0,0,2025-10,47.17
89,0,0,2025-11,49.35
89,0,0,2025-12,47.84
89,0,0,2026-01,53.27
89,0,0,2026-02,48.94
89,0,0,2026-03,48.27
89,0,0,2026-04,56.17
89,0,0,2026-05,51.51
89,0,0,2026-06,51.58
89,0,0,2026-07,48.96
89,0,0,2026-08,47.73
89,0,0,2026-09,49.55
89,0,0,2026-10,43.86
89,0,0,2026-11,45.58
89,0,0,2026-12,45.82
89,0,0,2027-01,49.5
89,0,0,2027-02,45.79
90,0,0,2023-01,49.14
90,0,0,2023-02,45.03
90,0,0,2023-03,44.02
90,0,0,2023-04,46.58
90,0,0,2023-05,46.96
90,0,0,2023-06,52.82
90,0,0,2023-07,45.11
90,0,0,2023-08,45.27
90,0,0,2023-09,49.45
90,0,0,2023-10,44.03
90,0,0,2023-11,42.81
90,0,0,2023-12,40.24
90,0,0,2024-01,47.03
90,0,0,2024-02,45.97
90,0,0,2024-03,45.07
90,0,0,2024-04,44.7
90,0,0,2024-05,46.91
90,0,0,2024-06,46.97
90,0,0,2024-07,50.01
90,0,0,2024-08,43.31
90,0,0,2024-09,45.57
90,0,0,2024-10,45.05
90,0,0,2024-11,47.72
90,0,0,2024-12,45.61
90,0,0,2025-01,48.83
90,0,0,2025-02,48.59
90,0,0,2025-03,48.43
90,0,0,2025-04,49.56
90,0,0,2025-05,45.41
90,0,0,2025-06,46.08
90,0,0,2025-07,50.5
90,0,0,2025-08,45.06
90,0,0,2025-09,42.23
90,0,0,2025-10,45.24
90,0,0,2025-11,47.87
90,0,0,2025-12,44.79
90,0,0,2026-01,47.26
90,0,0,2026-02,48.08
90,0,0,2026-03,42.42
90,0,0,2026-04,50.81
90,0,0,2026-05,48.71
90,0,0,2026-06,42.76
90,0,0,2026-07,51.16
90,0,0,2026-08,46.48
90,0,0,2026-09,44.26
90,0,0,2026-10,49.18
90,0,0,2026-11,46.75
90,0,0,2026-12,43.9
90,0,0,2027-01,43.52
90,0,0,2027-02,52.44
91,0,0,2023-01,40.75
91,0,0,2023-02,45.51
91,0,0,2023-03,46.87
91,0,0,2023-04,45.16
91,0,0,2023-05,38.11
91,0,0,2023-06,41.89
91,0,0,2023-07,45.79
91,0,0,2023-08,43.81
91,0,0,2023-09,41.94
91,0,0,2023-10,41.93
91,0,0,2023-11,38.83
91,0,0,2023-12,43.01
91,0,0,2024-01,40.25
91,0,0,2024-02,39.47
91,0,0,2024-03,45.84
91,0,0,2024-04,44.91
91,0,0,2024-05,47.54
91,0,0,2024-06,40.85
91,0,0,2024-07,44.96
91,0,0,2024-08,40.32
91,0,0,2024-09,36.77
91,0,0,2024-10,43.4
91,0,0,2024-11,43.84
91,0,0,2024-12,40.47
91,0,0,2025-01,38.7
91,0,0,2025-02,42.7
91,0,0,2025-03,45.67
91,0,0,2025-04,45.9
91,0,0,2025-05,43.16
91,0,0,2025-06,44.61
91,0,0,2025-07,42.96
91,0,0,2025-08,42.32
91,0,0,2025-09,44.39
91,0,0,2025-10,40.5
91,0,0,2025-11,42.21
91,0,0,2025-12,43.91
91,0,0,2026-01,41.91
91,0,0,2026-02,40.68
91,0,0,2026-03,48.33
91,0,0,2026-04,45.58
91,0,0,2026-05,40.82
91,0,0,2026-06,45.38
91,0,0,2026-07,51.44
91,0,0,2026-08,47.8
91,0,0,2026-09,38.88
91,0,0,2026-10,40.66
91,0,0,2026-11,46.42
91,0,0,2026-12,40.38
91,0,0,2027-01,40.7
91,0,0,2027-02,48.21
92,0,0,2023-01,38.32
92,0,0,2023-02,37.98
92,0,0,2023-03,36.55
92,0,0,2023-04,39.85
92,0,0,2023-05,34.0
92,0,0,2023-06,37.1
92,0,0,2023-07,35.93
92,0,0,2023-08,40.95
92,0,0,2023-09,35.7
92,0,0,2023-10,35.89
92,0,0,2023-11,33.66
92,0,0,2023-12,36.05
92,0,0,2024-01,41.3
92,0,0,2024-02,42.19
92,0,0,2024-03,41.06
92,0,0,2024-04,43.48
92,0,0,2024-05,45.12
92,0,0,2024-06,38.14
92,0,0,2024-07,38.77
92,0,0,2024-08,41.21
92,0,0,2024-09,36.23
92,0,0,2024-10,35.47
92,0,0,2024-11,38.16
92,0,0,2024-12,34.33
92,0,0,2025-01,42.57
92,0,0,2025-02,39.08
92,0,0,2025-03,38.22
92,0,0,2025-04,36.0
92,0,0,2025-05,38.42
92,0,0,2025-06,38.1
92,0,0,2025-07,39.18
92,0,0,2025-08,35.31
92,0,0,2025-09,38.57
92,0,0,2025-10,38.85
92,0,0,2025-11,40.9
92,0,0,2025-12,39.43
92,0,0,2026-01,44.23
92,0,0,2026-02,37.74
92,0,0,2026-03,37.79
92,0,0,2026-04,42.68
92,0,0,2026-05,38.9
92,0,0,2026-06,39.1
92,0,0,2026-07,42.29
92,0,0,2026-08,34.96
92,0,0,2026-09,38.62
92,0,0,2026-10,41.06
92,0,0,2026-11,32.92
92,0,0,2026-12,39.52
92,0,0,2027-01,40.28
92,0,0,2027-02,42.89
93,1,1,2023-01,29.92
93,1,1,2023-02,28.34
93,1,1,2023-03,29.39
93,1,1,2023-04,31.64
93,1,1,2023-05,31.32
93,1,1,2023-06,30.91
93,1,1,2023-07,30.44
93,1,1,2023-08,30.72
93,1,1,2023-09,24.02
93,1,1,2023-10,28.38
93,1,1,2023-11,25.38
93,1,1,2023-12,25.11
93,1,1,2024-01,28.11
93,1,1,2024-02,31.7
93,1,1,2024-03,28.34
93,1,1,2024-04,31.64
93,1,1,2024-05,30.34
93,1,1,2024-06,28.26
93,1,1,2024-07,30.45
93,1,1,2024-08,31.86
93,1,1,2024-09,26.7
93,1,1,2024-10,29.87
93,1,1,2024-11,31.87
93,1,1,2024-12,31.8
93,1,1,2025-01,26.06
93,1,1,2025-02,34.2
93,1,1,2025-03,31.38
93,1,1,2025-04,31.89
93,1,1,2025-05,34.5
93,1,1,2025-06,33.47
93,1,1,2025-07,27.13
93,1,1,2025-08,25.49
93,1,1,2025-09,30.46
93,1,1,2025-10,28.58
93,1,1,2025-11,30.26
93,1,1,2025-12,24.34
93,1,1,2026-01,33.76
93,1,1,2026-02,35.64
93,1,1,2026-03,30.73
93,1,1,2026-04,31.97
93,1,1,2026-05,28.97
93,1,1,2026-06,24.78
93,1,1,2026-07,26.88
93,1,1,2026-08,25.96
93,1,1,2026-09,16.09
93,1,1,2026-10,22.06
93,1,1,2026-11,24.33
93,1,1,2026-12,17.06
93,1,1,2027-01,19.15
93,1,1,2027-02,28.24
94,1,0,2023-01,48.7
94,1,0,2023-02,54.68
94,1,0,2023-03,47.6
94,1,0,2023-04,53.72
94,1,0,2023-05,49.89
94,1,0,2023-06,52.27
94,1,0,2023-07,48.97
94,1,0,2023-08,45.85
94,1,0,2023-09,49.53
94,1,0,2023-10,47.81
94,1,0,2023-11,45.96
94,1,0,2023-12,43.47
94,1,0,2024-01,43.96
94,1,0,2024-02,52.65
94,1,0,2024-03,56.98
94,1,0,2024-04,52.9
94,1,0,2024-05,51.07
94,1,0,2024-06,55.36
94,1,0,2024-07,49.67
94,1,0,2024-08,47.01
94,1,0,2024-09,43.11
94,1,0,2024-10,50.87
94,1,0,2024-11,52.58
94,1,0,2024-12,50.16
94,1,0,2025-01,55.83
94,1,0,2025-02,51.23
94,1,0,2025-03,47.31
94,1,0,2025-04,52.6
94,1,0,2025-05,48.69
94,1,0,2025-06,47.16
94,1,0,2025-07,50.37
94,1,0,2025-08,46.46
94,1,0,2025-09,49.9
94,1,0,2025-10,45.0
94,1,0,2025-11,38.91
94,1,0,2025-12,50.79
94,1,0,2026-01,56.65
94,1,0,2026-02,53.84
94,1,0,2026-03,54.37
94,1,0,2026-04,45.13
94,1,0,2026-05,52.6
94,1,0,2026-06,47.93
94,1,0,2026-07,45.17
94,1,0,2026-08,47.27
94,1,0,2026-09,38.58
94,1,0,2026-10,39.8
94,1,0,2026-11,43.65
94,1,0,2026-12,42.44
94,1,0,2027-01,43.14
94,1,0,2027-02,43.43
95,0,0,2023-01,46.63
95,0,0,2023-02,43.95
95,0,0,2023-03,43.74
95,0,0,2023-04,46.56
95,0,0,2023-05,40.84
95,0,0,2023-06,47.68
95,0,0,2023-07,48.61
95,0,0,2023-08,39.86
95,0,0,2023-09,44.2
95,0,0,2023-10,47.21
95,0,0,2023-11,45.27
95,0,0,2023-12,46.14
95,0,0,2024-01,46.48
95,0,0,2024-02,40.96
95,0,0,2024-03,48.95
95,0,0,2024-04,45.49
95,0,0,2024-05,51.49
95,0,0,2024-06,44.03
95,0,0,2024-07,42.82
95,0,0,2024-08,44.85
95,0,0,2024-09,46.11
95,0,0,2024-10,41.81
95,0,0,2024-11,46.44
95,0,0,2024-12,46.66
95,0,0,2025-01,41.93
95,0,0,2025-02,46.65
95,0,0,2025-03,42.64
95,0,0,2025-04,51.06
95,0,0,2025-05,50.4
95,0,0,2025-06,46.62
95,0,0,2025-07,44.77
95,0,0,2025-08,45.74
95,0,0,2025-09,45.68
95,0,0,2025-10,41.8
95,0,0,2025-11,47.77
95,0,0,2025-12,41.93
95,0,0,2026-01,38.55
95,0,0,2026-02,50.22
95,0,0,2026-03,46.52
95,0,0,2026-04,44.62
95,0,0,2026-05,50.51
95,0,0,2026-06,46.36
95,0,0,2026-07,47.43
95,0,0,2026-08,37.1
95,0,0,2026-09,46.91
95,0,0,2026-10,41.24
95,0,0,2026-11,48.41
95,0,0,2026-12,41.85
95,0,0,2027-01,47.05
95,0,0,2027-02,48.11
96,0,0,2023-01,33.45
96,0,0,2023-02,34.55
96,0,0,2023-03,35.03
96,0,0,2023-04,38.01
96,0,0,2023-05,38.16
96,0,0,2023-06,35.55
96,0,0,2023-07,40.33
96,0,0,2023-08,37.86
96,0,0,2023-09,34.05
96,0,0,2023-10,36.23
96,0,0,2023-11,35.27
96,0,0,2023-12,32.13
96,0,0,2024-01,38.58
96,0,0,2024-02,36.33
96,0,0,2024-03,41.43
96,0,0,2024-04,43.41
96,0,0,2024-05,43.89
96,0,0,2024-06,40.0
96,0,0,2024-07,33.32
96,0,0,2024-08,36.37
96,0,0,2024-09,37.32
96,0,0,2024-10,34.32
96,0,0,2024-11,25.85
96,0,0,2024-12,41.15
96,0,0,2025-01,39.1
96,0,0,2025-02,34.58
96,0,0,2025-03,41.34
96,0,0,2025-04,42.93
96,0,0,2025-05,35.75
96,0,0,2025-06,34.12
96,0,0,2025-07,35.32
96,0,0,2025-08,37.5
96,0,0,2025-09,33.59
96,0,0,2025-10,37.2
96,0,0,2025-11,40.24
96,0,0,2025-12,37.93
96,0,0,2026-01,41.88
96,0,0,2026-02,39.91
96,0,0,2026-03,39.32
96,0,0,2026-04,40.25
96,0,0,2026-05,38.45
96,0,0,2026-06,42.58
96,0,0,2026-07,42.56
96,0,0,2026-08,36.66
96,0,0,2026-09,39.44
96,0,0,2026-10,34.09
96,0,0,2026-11,39.07
96,0,0,2026-12,40.34
96,0,0,2027-01,35.33
96,0,0,2027-02,39.83
97,1,0,2023-01,31.08
97,1,0,2023-02,37.54
97,1,0,2023-03,30.02
97,1,0,2023-04,35.97
97,1,0,2023-05,39.36
97,1,0,2023-06,35.8
97,1,0,2023-07,42.74
97,1,0,2023-08,34.01
97,1,0,2023-09,35.07
97,1,0,2023-10,30.1
97,1,0,2023-11,32.05
97,1,0,2023-12,33.02
97,1,0,2024-01,36.55
97,1,0,2024-02,34.36
97,1,0,2024-03,44.24
97,1,0,2024-04,38.65
97,1,0,2024-05,29.07
97,1,0,2024-06,41.34
97,1,0,2024-07,30.44
97,1,0,2024-08,35.72
97,1,0,2024-09,34.58
97,1,0,2024-10,32.99
97,1,0,2024-11,34.75
97,1,0,2024-12,31.11
97,1,0,2025-01,34.82
97,1,0,2025-02,38.51
97,1,0,2025-03,36.02
97,1,0,2025-04,38.62
97,1,0,2025-05,35.55
97,1,0,2025-06,34.27
97,1,0,2025-07,41.15
97,1,0,2025-08,39.22
97,1,0,2025-09,35.49
97,1,0,2025-10,37.67
97,1,0,2025-11,33.04
97,1,0,2025-12,35.72
97,1,0,2026-01,36.56
97,1,0,2026-02,39.1
97,1,0,2026-03,37.64
97,1,0,2026-04,36.61
97,1,0,2026-05,35.78
97,1,0,2026-06,31.57
97,1,0,2026-07,27.28
97,1,0,2026-08,30.37
97,1,0,2026-09,29.44
97,1,0,2026-10,27.98
97,1,0,2026-11,25.57
97,1,0,2026-12,31.34
97,1,0,2027-01,32.49
97,1,0,2027-02,28.82
98,0,0,2023-01,40.92
98,0,0,2023-02,42.38
98,0,0,2023-03,38.08
98,0,0,2023-04,44.89
98,0,0,2023-05,42.96
98,0,0,2023-06,39.32
98,0,0,2023-07,44.17
98,0,0,2023-08,39.63
98,0,0,2023-09,41.12
98,0,0,2023-10,35.32
98,0,0,2023-11,40.45
98,0,0,2023-12,39.07
98,0,0,2024-01,40.7
98,0,0,2024-02,38.9
98,0,0,2024-03,46.76
98,0,0,2024-04,43.68
98,0,0,2024-05,42.61
98,0,0,2024-06,45.96
98,0,0,2024-07,38.32
98,0,0,2024-08,41.2
98,0,0,2024-09,39.66
98,0,0,2024-10,39.5
98,0,0,2024-11,37.08
98,0,0,2024-12,42.44
98,0,0,2025-01,44.38
98,0,0,2025-02,44.78
98,0,0,2025-03,49.38
98,0,0,2025-04,41.23
98,0,0,2025-05,42.29
98,0,0,2025-06,44.32
98,0,0,2025-07,41.04
98,0,0,2025-08,43.09
98,0,0,2025-09,41.57
98,0,0,2025-10,41.23
98,0,0,2025-11,40.03
98,0,0,2025-12,44.47
98,0,0,2026-01,41.75
98,0,0,2026-02,43.41
98,0,0,2026-03,41.36
98,0,0,2026-04,42.0
98,0,0,2026-05,45.13
98,0,0,2026-06,44.15
98,0,0,2026-07,43.84
98,0,0,2026-08,40.9
98,0,0,2026-09,43.0
98,0,0,2026-10,40.03
98,0,0,2026-11,43.56
98,0,0,2026-12,36.79
98,0,0,2027-01,44.9
98,0,0,2027-02,43.0
99,1,1,2023-01,34.36
99,1,1,2023-02,38.35
99,1,1,2023-03,36.94
99,1,1,2023-04,37.81
99,1,1,2023-05,36.74
99,1,1,2023-06,32.95
99,1,1,2023-07,37.79
99,1,1,2023-08,31.62
99,1,1,2023-09,36.18
99,1,1,2023-10,37.13
99,1,1,2023-11,42.06
99,1,1,2023-12,39.11
99,1,1,2024-01,39.7
99,1,1,2024-02,42.23
99,1,1,2024-03,35.91
99,1,1,2024-04,40.33
99,1,1,2024-05,43.77
99,1,1,2024-06,37.28
99,1,1,2024-07,34.11
99,1,1,2024-08,34.19
99,1,1,2024-09,33.53
99,1,1,2024-10,34.38
99,1,1,2024-11,34.98
99,1,1,2024-12,36.66
99,1,1,2025-01,38.84
99,1,1,2025-02,35.37
99,1,1,2025-03,45.18
99,1,1,2025-04,38.0
99,1,1,2025-05,39.71
99,1,1,2025-06,40.76
99,1,1,2025-07,36.26
99,1,1,2025-08,39.44
99,1,1,2025-09,37.07
99,1,1,2025-10,38.93
99,1,1,2025-11,35.87
99,1,1,2025-12,35.29
99,1,1,2026-01,36.97
99,1,1,2026-02,40.11
99,1,1,2026-03,38.11
99,1,1,2026-04,36.42
99,1,1,2026-05,31.88
99,1,1,2026-06,35.04
99,1,1,2026-07,23.76
99,1,1,2026-08,35.86
99,1,1,2026-09,33.69
99,1,1,2026-10,30.67
99,1,1,2026-11,30.29
99,1,1,2026-12,32.32
99,1,1,2027-01,22.36
99,1,1,2027-02,30.11
100,1,0,2023-01,42.06
100,1,0,2023-02,41.77
100,1,0,2023-03,37.18
100,1,0,2023-04,42.35
100,1,0,2023-05,44.78
100,1,0,2023-06,46.09
100,1,0,2023-07,41.3
100,1,0,2023-08,35.47
100,1,0,2023-09,37.68
100,1,0,2023-10,42.95
100,1,0,2023-11,38.66
100,1,0,2023-12,42.22
100,1,0,2024-01,38.16
100,1,0,2024-02,44.6
100,1,0,2024-03,43.07
100,1,0,2024-04,46.6
100,1,0,2024-05,50.06
100,1,0,2024-06,42.08
100,1,0,2024-07,41.43
100,1,0,2024-08,36.11
100,1,0,2024-09,41.63
100,1,0,2024-10,40.81
100,1,0,2024-11,38.47
100,1,0,2024-12,40.95
100,1,0,2025-01,42.68
100,1,0,2025-02,41.71
100,1,0,2025-03,40.94
100,1,0,2025-04,43.58
100,1,0,2025-05,39.41
100,1,0,2025-06,42.83
100,1,0,2025-07,43.83
100,1,0,2025-08,33.75
100,1,0,2025-09,38.41
100,1,0,2025-10,37.81
100,1,0,2025-11,42.63
100,1,0,2025-12,39.08
100,1,0,2026-01,40.45
100,1,0,2026-02,40.03
100,1,0,2026-03,42.0
100,1,0,2026-04,38.56
100,1,0,2026-05,43.46
100,1,0,2026-06,35.18
100,1,0,2026-07,36.15
100,1,0,2026-08,30.62
100,1,0,2026-09,38.02
100,1,0,2026-10,35.89
100,1,0,2026-11,40.93
100,1,0,2026-12,34.85
100,1,0,2027-01,35.21
100,1,0,2027-02,35.83
101,1,1,2023-01,48.47
101,1,1,2023-02,47.98
101,1,1,2023-03,57.36
101,1,1,2023-04,47.42
101,1,1,2023-05,46.86
101,1,1,2023-06,52.13
101,1,1,2023-07,53.05
101,1,1,2023-08,47.75
101,1,1,2023-09,48.33
101,1,1,2023-10,46.01
101,1,1,2023-11,45.48
101,1,1,2023-12,49.42
101,1,1,2024-01,46.1
101,1,1,2024-02,47.67
101,1,1,2024-03,50.41
101,1,1,2024-04,51.26
101,1,1,2024-05,48.83
101,1,1,2024-06,50.89
101,1,1,2024-07,55.94
101,1,1,2024-08,46.18
101,1,1,2024-09,44.86
101,1,1,2024-10,41.77
101,1,1,2024-11,46.37
101,1,1,2024-12,49.08
101,1,1,2025-01,45.79
101,1,1,2025-02,50.13
101,1,1,2025-03,47.43
101,1,1,2025-04,42.58
101,1,1,2025-05,50.4
101,1,1,2025-06,49.01
101,1,1,2025-07,47.45
101,1,1,2025-08,52.48
101,1,1,2025-09,49.05
101,1,1,2025-10,53.8
101,1,1,2025-11,50.03
101,1,1,2025-12,50.93
101,1,1,2026-01,51.42
101,1,1,2026-02,49.27
101,1,1,2026-03,51.04
101,1,1,2026-04,48.89
101,1,1,2026-05,45.96
101,1,1,2026-06,51.92
101,1,1,2026-07,44.12
101,1,1,2026-08,44.86
101,1,1,2026-09,35.69
101,1,1,2026-10,41.73
101,1,1,2026-11,41.88
101,1,1,2026-12,41.36
101,1,1,2027-01,41.88
101,1,1,2027-02,38.58
102,0,0,2023-01,31.7
102,0,0,2023-02,36.19
102,0,0,2023-03,31.65
102,0,0,2023-04,34.86
102,0,0,2023-05,33.75
102,0,0,2023-06,37.11
102,0,0,2023-07,32.28
102,0,0,2023-08,30.88
102,0,0,2023-09,32.87
102,0,0,2023-10,33.05
102,0,0,2023-11,27.3
102,0,0,2023-12,26.27
102,0,0,2024-01,33.28
102,0,0,2024-02,32.37
102,0,0,2024-03,34.05
102,0,0,2024-04,27.85
102,0,0,2024-05,31.71
102,0,0,2024-06,33.53
102,0,0,2024-07,34.03
102,0,0,2024-08,28.05
102,0,0,2024-09,34.97
102,0,0,2024-10,31.52
102,0,0,2024-11,34.54
102,0,0,2024-12,35.14
102,0,0,2025-01,28.62
102,0,0,2025-02,35.5
102,0,0,2025-03,39.45
102,0,0,2025-04,34.41
102,0,0,2025-05,42.8
102,0,0,2025-06,33.32
102,0,0,2025-07,41.55
102,0,0,2025-08,36.1
102,0,0,2025-09,33.44
102,0,0,2025-10,32.82
102,0,0,2025-11,33.82
102,0,0,2025-12,34.8
102,0,0,2026-01,35.07
102,0,0,2026-02,38.42
102,0,0,2026-03,38.82
102,0,0,2026-04,32.97
102,0,0,2026-05,30.98
102,0,0,2026-06,30.86
102,0,0,2026-07,32.47
102,0,0,2026-08,36.91
102,0,0,2026-09,33.41
102,0,0,2026-10,38.62
102,0,0,2026-11,39.86
102,0,0,2026-12,31.69
102,0,0,2027-01,36.81
102,0,0,2027-02,37.68
103,1,1,2023-01,37.2
103,1,1,2023-02,45.86
103,1,1,2023-03,40.89
103,1,1,2023-04,39.52
103,1,1,2023-05,47.75
103,1,1,2023-06,42.07
103,1,1,2023-07,37.1
103,1,1,2023-08,40.1
103,1,1,2023-09,41.01
103,1,1,2023-10,41.61
103,1,1,2023-11,39.24
103,1,1,2023-12,37.84
103,1,1,2024-01,37.3
103,1,1,2024-02,41.66
103,1,1,2024-03,42.27
103,1,1,2024-04,42.62
103,1,1,2024-05,46.77
103,1,1,2024-06,36.71
103,1,1,2024-07,37.74
103,1,1,2024-08,42.48
103,1,1,2024-09,37.11
103,1,1,2024-10,41.46
103,1,1,2024-11,37.1
103,1,1,2024-12,38.16
103,1,1,2025-01,38.96
103,1,1,2025-02,34.12
103,1,1,2025-03,47.07
103,1,1,2025-04,44.64
103,1,1,2025-05,39.15
103,1,1,2025-06,36.32
103,1,1,2025-07,40.21
103,1,1,2025-08,42.04
103,1,1,2025-09,34.93
103,1,1,2025-10,46.96
103,1,1,2025-11,36.51
103,1,1,2025-12,38.95
103,1,1,2026-01,37.11
103,1,1,2026-02,35.79
103,1,1,2026-03,38.04
103,1,1,2026-04,36.78
103,1,1,2026-05,37.32
103,1,1,2026-06,32.55
103,1,1,2026-07,34.1
103,1,1,2026-08,33.96
103,1,1,2026-09,35.22
103,1,1,2026-10,33.02
103,1,1,2026-11,30.05
103,1,1,2026-12,32.86
103,1,1,2027-01,32.57
103,1,1,2027-02,30.09
104,1,1,2023-01,29.3
104,1,1,2023-02,32.72
104,1,1,2023-03,35.12
104,1,1,2023-04,30.82
104,1,1,2023-05,29.74
104,1,1,2023-06,37.63
104,1,1,2023-07,34.35
104,1,1,2023-08,35.57
104,1,1,2023-09,32.91
104,1,1,2023-10,36.05
104,1,1,2023-11,29.76
104,1,1,2023-12,34.09
104,1,1,2024-01,36.15
104,1,1,2024-02,35.25
104,1,1,2024-03,36.17
104,1,1,2024-04,34.53
104,1,1,2024-05,39.04
104,1,1,2024-06,36.22
104,1,1,2024-07,32.29
104,1,1,2024-08,34.86
104,1,1,2024-09,31.71
104,1,1,2024-10,27.28
104,1,1,2024-11,35.38
104,1,1,2024-12,40.73
104,1,1,2025-01,37.97
104,1,1,2025-02,35.08
104,1,1,2025-03,35.05
104,1,1,2025-04,39.92
104,1,1,2025-05,42.05
104,1,1,2025-06,35.22
104,1,1,2025-07,32.56
104,1,1,2025-08,31.35
104,1,1,2025-09,33.42
104,1,1,2025-10,37.1
104,1,1,2025-11,30.83
104,1,1,2025-12,38.52
104,1,1,2026-01,36.07
104,1,1,2026-02,33.89
104,1,1,2026-03,37.64
104,1,1,2026-04,31.78
104,1,1,2026-05,30.4
104,1,1,2026-06,26.72
104,1,1,2026-07,29.04
104,1,1,2026-08,26.57
104,1,1,2026-09,27.42
104,1,1,2026-10,26.46
104,1,1,2026-11,23.34
104,1,1,2026-12,29.14
104,1,1,2027-01,25.15
104,1,1,2027-02,19.07
105,0,0,2023-01,23.34
105,0,0,2023-02,31.12
105,0,0,2023-03,27.91
105,0,0,2023-04,29.2
105,0,0,2023-05,27.02
105,0,0,2023-06,29.24
105,0,0,2023-07,22.94
105,0,0,2023-08,21.15
105,0,0,2023-09,26.25
105,0,0,2023-10,24.36
105,0,0,2023-11,29.6
105,0,0,2023-12,24.93
105,0,0,2024-01,26.68
105,0,0,2024-02,25.74
105,0,0,2024-03,23.22
105,0,0,2024-04,30.0
105,0,0,2024-05,30.79
105,0,0,2024-06,27.07
105,0,0,2024-07,23.91
105,0,0,2024-08,24.7
105,0,0,2024-09,30.63
105,0,0,2024-10,28.77
105,0,0,2024-11,26.91
105,0,0,2024-12,27.35
105,0,0,2025-01,25.77
105,0,0,2025-02,28.06
105,0,0,2025-03,25.22
105,0,0,2025-04,24.95
105,0,0,2025-05,25.46
105,0,0,2025-06,28.15
105,0,0,2025-07,21.34
105,0,0,2025-08,30.02
105,0,0,2025-09,24.73
105,0,0,2025-10,25.82
105,0,0,2025-11,27.96
105,0,0,2025-12,24.52
105,0,0,2026-01,29.5
105,0,0,2026-02,27.42
105,0,0,2026-03,23.65
105,0,0,2026-04,33.19
105,0,0,2026-05,28.21
105,0,0,2026-06,31.84
105,0,0,2026-07,30.37
105,0,0,2026-08,32.86
105,0,0,2026-09,28.9
105,0,0,2026-10,30.56
105,0,0,2026-11,25.79
105,0,0,2026-12,25.13
105,0,0,2027-01,30.05
105,0,0,2027-02,28.13
106,0,0,2023-01,37.07
106,0,0,2023-02,31.13
106,0,0,2023-03,36.26
106,0,0,2023-04,37.22
106,0,0,2023-05,34.11
106,0,0,2023-06,34.06
106,0,0,2023-07,37.28
106,0,0,2023-08,33.95
106,0,0,2023-09,30.89
106,0,0,2023-10,33.05
106,0,0,2023-11,30.4
106,0,0,2023-12,30.47
106,0,0,2024-01,34.82
106,0,0,2024-02,33.36
106,0,0,2024-03,36.02
106,0,0,2024-04,39.36
106,0,0,2024-05,34.23
106,0,0,2024-06,35.89
106,0,0,2024-07,33.8
106,0,0,2024-08,34.83
106,0,0,2024-09,34.09
106,0,0,2024-10,26.73
106,0,0,2024-11,36.77
106,0,0,2024-12,38.74
106,0,0,2025-01,38.24
106,0,0,2025-02,34.87
106,0,0,2025-03,36.45
106,0,0,2025-04,39.17
106,0,0,2025-05,41.03
106,0,0,2025-06,38.48
106,0,0,2025-07,35.84
106,0,0,2025-08,33.74
106,0,0,2025-09,32.94
106,0,0,2025-10,35.22
106,0,0,2025-11,36.73
106,0,0,2025-12,42.0
106,0,0,2026-01,31.07
106,0,0,2026-02,36.99
106,0,0,2026-03,33.98
106,0,0,2026-04,38.29
106,0,0,2026-05,36.65
106,0,0,2026-06,35.35
106,0,0,2026-07,38.22
106,0,0,2026-08,34.61
106,0,0,2026-09,30.66
106,0,0,2026-10,35.35
106,0,0,2026-11,37.55
106,0,0,2026-12,31.27
106,0,0,2027-01,32.81
106,0,0,2027-02,31.53
107,0,0,2023-01,30.98
107,0,0,2023-02,29.92
107,0,0,2023-03,23.15
107,0,0,2023-04,28.62
107,0,0,2023-05,29.08
107,0,0,2023-06,26.67
107,0,0,2023-07,26.68
107,0,0,2023-08,26.74
107,0,0,2023-09,29.07
107,0,0,2023-10,24.03
107,0,0,2023-11,29.34
107,0,0,2023-12,28.05
107,0,0,2024-01,26.58
107,0,0,2024-02,28.88
107,0,0,2024-03,30.51
107,0,0,2024-04,34.81
107,0,0,2024-05,30.62
107,0,0,2024-06,30.23
107,0,0,2024-07,34.26
107,0,0,2024-08,32.05
107,0,0,2024-09,31.91
107,0,0,2024-10,28.46
107,0,0,2024-11,29.4
107,0,0,2024-12,34.58
107,0,0,2025-01,24.94
107,0,0,2025-02,32.66
107,0,0,2025-03,29.61
107,0,0,2025-04,30.13
107,0,0,2025-05,34.04
107,0,0,2025-06,29.23
107,0,0,2025-07,35.06
107,0,0,2025-08,34.07
107,0,0,2025-09,24.2
107,0,0,2025-10,27.29
107,0,0,2025-11,29.48
107,0,0,2025-12,23.19
107,0,0,2026-01,29.4
107,0,0,2026-02,29.63
107,0,0,2026-03,29.38
107,0,0,2026-04,33.52
107,0,0,2026-05,29.97
107,0,0,2026-06,29.44
107,0,0,2026-07,30.24
107,0,0,2026-08,26.37
107,0,0,2026-09,31.43
107,0,0,2026-10,27.76
107,0,0,2026-11,29.92
107,0,0,2026-12,27.46
107,0,0,2027-01,27.23
107,0,0,2027-02,26.93
108,0,0,2023-01,43.95
108,0,0,2023-02,39.3
108,0,0,2023-03,46.84
108,0,0,2023-04,37.74
108,0,0,2023-05,45.64
108,0,0,2023-06,40.17
108,0,0,2023-07,40.5
108,0,0,2023-08,45.07
108,0,0,2023-09,43.5
108,0,0,2023-10,44.42
108,0,0,2023-11,41.55
108,0,0,2023-12,47.99
108,0,0,2024-01,42.55
108,0,0,2024-02,43.78
108,0,0,2024-03,43.39
108,0,0,2024-04,40.47
108,0,0,2024-05,42.23
108,0,0,2024-06,45.55
108,0,0,2024-07,42.94
108,0,0,2024-08,45.66
108,0,0,2024-09,43.73
108,0,0,2024-10,35.95
108,0,0,2024-11,40.66
108,0,0,2024-12,45.83
108,0,0,2025-01,46.3
108,0,0,2025-02,41.5
108,0,0,2025-03,46.34
108,0,0,2025-04,44.81
108,0,0,2025-05,45.97
108,0,0,2025-06,48.09
108,0,0,2025-07,43.58
108,0,0,2025-08,43.59
108,0,0,2025-09,44.04
108,0,0,2025-10,42.33
108,0,0,2025-11,43.56
108,0,0,2025-12,42.97
108,0,0,2026-01,44.08
108,0,0,2026-02,45.28
108,0,0,2026-03,52.42
108,0,0,2026-04,45.71
108,0,0,2026-05,51.02
108,0,0,2026-06,44.35
108,0,0,2026-07,42.63
108,0,0,2026-08,40.43
108,0,0,2026-09,47.33
108,0,0,2026-10,51.58
108,0,0,2026-11,44.05
108,0,0,2026-12,46.27
108,0,0,2027-01,47.28
108,0,0,2027-02,48.75
109,0,0,2023-01,33.42
109,0,0,2023-02,37.96
109,0,0,2023-03,34.64
109,0,0,2023-04,31.67
109,0,0,2023-05,34.78
109,0,0,2023-06,35.05
109,0,0,2023-07,30.34
109,0,0,2023-08,31.88
109,0,0,2023-09,33.34
109,0,0,2023-10,32.31
109,0,0,2023-11,30.24
109,0,0,2023-12,39.12
109,0,0,2024-01,35.03
109,0,0,2024-02,33.68
109,0,0,2024-03,36.17
109,0,0,2024-04,38.69
109,0,0,2024-05,35.71
109,0,0,2024-06,36.79
109,0,0,2024-07,31.34
109,0,0,2024-08,35.23
109,0,0,2024-09,33.52
109,0,0,2024-10,37.99
109,0,0,2024-11,37.44
109,0,0,2024-12,36.54
109,0,0,2025-01,34.28
109,0,0,2025-02,34.13
109,0,0,2025-03,38.86
109,0,0,2025-04,38.55
109,0,0,2025-05,32.89
109,0,0,2025-06,32.69
109,0,0,2025-07,29.66
109,0,0,2025-08,36.59
109,0,0,2025-09,32.12
109,0,0,2025-10,33.09
109,0,0,2025-11,30.93
109,0,0,2025-12,32.51
109,0,0,2026-01,28.36
109,0,0,2026-02,38.26
109,0,0,2026-03,34.08
109,0,0,2026-04,36.01
109,0,0,2026-05,37.86
109,0,0,2026-06,45.3
109,0,0,2026-07,35.58
109,0,0,2026-08,37.35
109,0,0,2026-09,29.09
109,0,0,2026-10,24.78
109,0,0,2026-11,38.6
109,0,0,2026-12,32.29
109,0,0,2027-01,42.34
109,0,0,2027-02,34.27
110,0,0,2023-01,34.1
110,0,0,2023-02,27.74
110,0,0,2023-03,36.66
110,0,0,2023-04,38.42
110,0,0,2023-05,37.29
110,0,0,2023-06,34.83
110,0,0,2023-07,25.47
110,0,0,2023-08,33.4
110,0,0,2023-09,33.69
110,0,0,2023-10,33.21
110,0,0,2023-11,32.21
110,0,0,2023-12,33.45
110,0,0,2024-01,34.04
110,0,0,2024-02,34.8
110,0,0,2024-03,32.97
110,0,0,2024-04,32.1
110,0,0,2024-05,35.58
110,0,0,2024-06,35.93
110,0,0,2024-07,31.6
110,0,0,2024-08,33.32
110,0,0,2024-09,28.07
110,0,0,2024-10,36.59
110,0,0,2024-11,32.09
110,0,0,2024-12,30.93
110,0,0,2025-01,30.97
110,0,0,2025-02,34.22
110,0,0,2025-03,29.1
110,0,0,2025-04,37.51
110,0,0,2025-05,35.0
110,0,0,2025-06,36.18
110,0,0,2025-07,31.89
110,0,0,2025-08,33.19
110,0,0,2025-09,32.81
110,0,0,2025-10,29.45
110,0,0,2025-11,36.48
110,0,0,2025-12,31.41
110,0,0,2026-01,33.72
110,0,0,2026-02,29.25
110,0,0,2026-03,35.84
110,0,0,2026-04,35.89
110,0,0,2026-05,41.33
110,0,0,2026-06,33.69
110,0,0,2026-07,32.28
110,0,0,2026-08,28.02
110,0,0,2026-09,36.51
110,0,0,2026-10,34.63
110,0,0,2026-11,33.27
110,0,0,2026-12,31.43
110,0,0,2027-01,30.29
110,0,0,2027-02,34.09
111,1,0,2023-01,37.67
111,1,0,2023-02,36.3
111,1,0,2023-03,34.45
111,1,0,2023-04,36.64
111,1,0,2023-05,32.57
111,1,0,2023-06,31.64
111,1,0,2023-07,35.21
111,1,0,2023-08,35.55
111,1,0,2023-09,31.34
111,1,0,2023-10,28.64
111,1,0,2023-11,32.77
111,1,0,2023-12,32.21
111,1,0,2024-01,34.07
111,1,0,2024-02,33.42
111,1,0,2024-03,36.41
111,1,0,2024-04,36.87
111,1,0,2024-05,34.06
111,1,0,2024-06,33.93
111,1,0,2024-07,34.5
111,1,0,2024-08,31.26
111,1,0,2024-09,35.75
111,1,0,2024-10,34.83
111,1,0,2024-11,31.87
111,1,0,2024-12,34.13
111,1,0,2025-01,35.53
111,1,0,2025-02,35.72
111,1,0,2025-03,30.75
111,1,0,2025-04,33.93
111,1,0,2025-05,33.84
111,1,0,2025-06,29.59
111,1,0,2025-07,39.06
111,1,0,2025-08,26.77
111,1,0,2025-09,33.49
111,1,0,2025-10,30.78
111,1,0,2025-11,31.98
111,1,0,2025-12,32.32
111,1,0,2026-01,38.8
111,1,0,2026-02,32.49
111,1,0,2026-03,33.22
111,1,0,2026-04,35.52
111,1,0,2026-05,28.57
111,1,0,2026-06,25.89
111,1,0,2026-07,27.31
111,1,0,2026-08,29.71
111,1,0,2026-09,31.83
111,1,0,2026-10,21.92
111,1,0,2026-11,28.92
111,1,0,2026-12,28.23
111,1,0,2027-01,28.47
111,1,0,2027-02,38.05
112,0,0,2023-01,37.06
112,0,0,2023-02,39.98
112,0,0,2023-03,46.33
112,0,0,2023-04,40.26
112,0,0,2023-05,35.94
112,0,0,2023-06,44.09
112,0,0,2023-07,39.51
112,0,0,2023-08,36.54
112,0,0,2023-09,34.8
112,0,0,2023-10,39.32
112,0,0,2023-11,39.42
112,0,0,2023-12,34.34
112,0,0,2024-01,40.65
112,0,0,2024-02,37.2
112,0,0,2024-03,45.36
112,0,0,2024-04,37.0
112,0,0,2024-05,43.93
112,0,0,2024-06,42.86
112,0,0,2024-07,36.73
112,0,0,2024-08,35.68
112,0,0,2024-09,41.74
112,0,0,2024-10,37.16
112,0,0,2024-11,40.39
112,0,0,2024-12,38.62
112,0,0,2025-01,37.44
112,0,0,2025-02,38.0
112,0,0,2025-03,43.48
112,0,0,2025-04,38.58
112,0,0,2025-05,42.99
112,0,0,2025-06,34.06
112,0,0,2025-07,35.88
112,0,0,2025-08,38.17
112,0,0,2025-09,33.02
112,0,0,2025-10,41.56
112,0,0,2025-11,39.26
112,0,0,2025-12,39.81
112,0,0,2026-01,40.85
112,0,0,2026-02,43.97
112,0,0,2026-03,38.81
112,0,0,2026-04,40.07
112,0,0,2026-05,40.18
112,0,0,2026-06,37.05
112,0,0,2026-07,38.45
112,0,0,2026-08,41.99
112,0,0,2026-09,37.69
112,0,0,2026-10,36.38
112,0,0,2026-11,44.93
112,0,0,2026-12,42.66
112,0,0,2027-01,34.9
112,0,0,2027-02,40.61
113,0,0,2023-01,35.71
113,0,0,2023-02,39.01
113,0,0,2023-03,40.07
113,0,0,2023-04,37.88
113,0,0,2023-05,36.43
113,0,0,2023-06,33.19
113,0,0,2023-07,34.28
113,0,0,2023-08,32.44
113,0,0,2023-09,40.34
113,0,0,2023-10,35.12
113,0,0,2023-11,38.85
113,0,0,2023-12,37.52
113,0,0,2024-01,37.99
113,0,0,2024-02,42.46
113,0,0,2024-03,37.3
113,0,0,2024-04,39.24
113,0,0,2024-05,37.6
113,0,0,2024-06,38.98
113,0,0,2024-07,39.78
113,0,0,2024-08,36.97
113,0,0,2024-09,32.0
113,0,0,2024-10,33.67
113,0,0,2024-11,38.88
113,0,0,2024-12,42.56
113,0,0,2025-01,35.71
113,0,0,2025-02,37.01
113,0,0,2025-03,41.12
113,0,0,2025-04,38.84
113,0,0,2025-05,33.83
113,0,0,2025-06,37.31
113,0,0,2025-07,37.22
113,0,0,2025-08,40.05
113,0,0,2025-09,32.91
113,0,0,2025-10,41.62
113,0,0,2025-11,34.79
113,0,0,2025-12,36.78
113,0,0,2026-01,36.33
113,0,0,2026-02,42.99
113,0,0,2026-03,36.87
113,0,0,2026-04,39.02
113,0,0,2026-05,41.2
113,0,0,2026-06,40.75
113,0,0,2026-07,40.49
113,0,0,2026-08,41.35
113,0,0,2026-09,36.34
113,0,0,2026-10,29.81
113,0,0,2026-11,40.02
113,0,0,2026-12,36.38
113,0,0,2027-01,35.93
113,0,0,2027-02,38.87
114,1,1,2023-01,37.76
114,1,1,2023-02,37.85
114,1,1,2023-03,39.7
114,1,1,2023-04,40.87
114,1,1,2023-05,36.22
114,1,1,2023-06,40.49
114,1,1,2023-07,35.62
114,1,1,2023-08,41.75
114,1,1,2023-09,39.06
114,1,1,2023-10,34.44
114,1,1,2023-11,35.86
114,1,1,2023-12,39.54
114,1,1,2024-01,33.89
114,1,1,2024-02,42.91
114,1,1,2024-03,37.13
114,1,1,2024-04,43.59
114,1,1,2024-05,41.99
114,1,1,2024-06,38.0
114,1,1,2024-07,40.1
114,1,1,2024-08,34.09
114,1,1,2024-09,35.57
114,1,1,2024-10,37.68
114,1,1,2024-11,33.23
114,1,1,2024-12,40.58
114,1,1,2025-01,39.88
114,1,1,2025-02,37.68
114,1,1,2025-03,39.01
114,1,1,2025-04,40.07
114,1,1,2025-05,44.39
114,1,1,2025-06,40.36
114,1,1,2025-07,42.51
114,1,1,2025-08,36.09
114,1,1,2025-09,35.02
114,1,1,2025-10,37.41
114,1,1,2025-11,38.76
114,1,1,2025-12,38.19
114,1,1,2026-01,34.17
114,1,1,2026-02,33.66
114,1,1,2026-03,35.3
114,1,1,2026-04,33.12
114,1,1,2026-05,34.34
114,1,1,2026-06,33.29
114,1,1,2026-07,30.52
114,1,1,2026-08,28.88
114,1,1,2026-09,33.31
114,1,1,2026-10,27.16
114,1,1,2026-11,25.06
114,1,1,2026-12,31.87
114,1,1,2027-01,25.82
114,1,1,2027-02,30.59
115,0,0,2023-01,23.43
115,0,0,2023-02,23.22
115,0,0,2023-03,23.5
115,0,0,2023-04,20.19
115,0,0,2023-05,27.92
115,0,0,2023-06,21.03
115,0,0,2023-07,16.28
115,0,0,2023-08,25.43
115,0,0,2023-09,20.03
115,0,0,2023-10,22.11
115,0,0,2023-11,15.56
115,0,0,2023-12,16.83
115,0,0,2024-01,17.66
115,0,0,2024-02,17.92
115,0,0,2024-03,23.63
115,0,0,2024-04,21.6
115,0,0,2024-05,22.36
115,0,0,2024-06,20.89
115,0,0,2024-07,23.65
115,0,0,2024-08,14.54
115,0,0,2024-09,21.95
115,0,0,2024-10,15.83
115,0,0,2024-11,17.89
115,0,0,2024-12,18.39
115,0,0,2025-01,22.41
115,0,0,2025-02,22.14
115,0,0,2025-03,20.77
115,0,0,2025-04,24.63
115,0,0,2025-05,21.4
115,0,0,2025-06,25.38
115,0,0,2025-07,26.93
115,0,0,2025-08,21.48
115,0,0,2025-09,19.32
115,0,0,2025-10,17.99
115,0,0,2025-11,22.5
115,0,0,2025-12,24.03
115,0,0,2026-01,18.27
115,0,0,2026-02,26.01
115,0,0,2026-03,23.28
115,0,0,2026-04,23.63
115,0,0,2026-05,27.76
115,0,0,2026-06,18.62
115,0,0,2026-07,13.4
115,0,0,2026-08,21.25
115,0,0,2026-09,20.6
115,0,0,2026-10,23.94
115,0,0,2026-11,14.05
115,0,0,2026-12,20.87
115,0,0,2027-01,18.89
115,0,0,2027-02,17.88
116,0,0,2023-01,32.17
116,0,0,2023-02,34.34
116,0,0,2023-03,27.26
116,0,0,2023-04,27.35
116,0,0,2023-05,32.12
116,0,0,2023-06,32.79
116,0,0,2023-07,24.29
116,0,0,2023-08,27.16
116,0,0,2023-09,31.45
116,0,0,2023-10,25.32
116,0,0,2023-11,35.22
116,0,0,2023-12,31.78
116,0,0,2024-01,29.78
116,0,0,2024-02,32.98
116,0,0,2024-03,33.32
116,0,0,2024-04,33.78
116,0,0,2024-05,30.6
116,0,0,2024-06,37.17
116,0,0,2024-07,27.02
116,0,0,2024-08,35.45
116,0,0,2024-09,23.88
116,0,0,2024-10,25.57
116,0,0,2024-11,34.23
116,0,0,2024-12,28.18
116,0,0,2025-01,29.64
116,0,0,2025-02,34.34
116,0,0,2025-03,29.71
116,0,0,2025-04,28.92
116,0,0,2025-05,35.0
116,0,0,2025-06,34.62
116,0,0,2025-07,27.69
116,0,0,2025-08,35.52
116,0,0,2025-09,31.89
116,0,0,2025-10,38.51
116,0,0,2025-11,32.96
116,0,0,2025-12,31.43
116,0,0,2026-01,35.14
116,0,0,2026-02,33.3
116,0,0,2026-03,37.07
116,0,0,2026-04,38.04
116,0,0,2026-05,30.48
116,0,0,2026-06,28.06
116,0,0,2026-07,34.42
116,0,0,2026-08,35.09
116,0,0,2026-09,32.63
116,0,0,2026-10,27.8
116,0,0,2026-11,33.23
116,0,0,2026-12,35.23
116,0,0,2027-01,30.94
116,0,0,2027-02,26.4
117,1,0,2023-01,22.72
117,1,0,2023-02,25.44
117,1,0,2023-03,21.36
117,1,0,2023-04,24.58
117,1,0,2023-05,27.16
117,1,0,2023-06,24.61
117,1,0,2023-07,24.02
117,1,0,2023-08,22.79
117,1,0,2023-09,26.65
117,1,0,2023-10,20.46
117,1,0,2023-11,25.42
117,1,0,2023-12,24.77
117,1,0,2024-01,27.53
117,1,0,2024-02,29.63
117,1,0,2024-03,20.86
117,1,0,2024-04,32.29
117,1,0,2024-05,26.27
117,1,0,2024-06,22.2
117,1,0,2024-07,21.91
117,1,0,2024-08,26.06
117,1,0,2024-09,25.85
117,1,0,2024-10,20.82
117,1,0,2024-11,23.69
117,1,0,2024-12,20.41
117,1,0,2025-01,23.32
117,1,0,2025-02,28.29
117,1,0,2025-03,28.99
117,1,0,2025-04,28.86
117,1,0,2025-05,30.82
117,1,0,2025-06,26.58
117,1,0,2025-07,29.04
117,1,0,2025-08,21.35
117,1,0,2025-09,24.06
117,1,0,2025-10,23.65
117,1,0,2025-11,25.1
117,1,0,2025-12,25.35
117,1,0,2026-01,18.57
117,1,0,2026-02,28.15
117,1,0,2026-03,27.61
117,1,0,2026-04,27.19
117,1,0,2026-05,23.16
117,1,0,2026-06,21.27
117,1,0,2026-07,22.25
117,1,0,2026-08,14.21
117,1,0,2026-09,25.48
117,1,0,2026-10,20.34
117,1,0,2026-11,23.99
117,1,0,2026-12,20.98
117,1,0,2027-01,20.18
117,1,0,2027-02,16.34
118,0,0,2023-01,37.15
118,0,0,2023-02,37.27
118,0,0,2023-03,47.13
118,0,0,2023-04,40.75
118,0,0,2023-05,36.93
118,0,0,2023-06,46.66
118,0,0,2023-07,41.76
118,0,0,2023-08,42.09
118,0,0,2023-09,34.64
118,0,0,2023-10,32.8
118,0,0,2023-11,39.08
118,0,0,2023-12,40.47
118,0,0,2024-01,42.37
118,0,0,2024-02,39.84
118,0,0,2024-03,39.62
118,0,0,2024-04,45.19
118,0,0,2024-05,40.49
118,0,0,2024-06,35.89
118,0,0,2024-07,38.39
118,0,0,2024-08,33.23
118,0,0,2024-09,40.13
118,0,0,2024-10,37.3
118,0,0,2024-11,37.36
118,0,0,2024-12,33.38
118,0,0,2025-01,45.59
118,0,0,2025-02,38.95
118,0,0,2025-03,40.17
118,0,0,2025-04,44.82
118,0,0,2025-05,46.74
118,0,0,2025-06,41.13
118,0,0,2025-07,36.91
118,0,0,2025-08,41.78
118,0,0,2025-09,37.99
118,0,0,2025-10,40.01
118,0,0,2025-11,36.99
118,0,0,2025-12,40.01
118,0,0,2026-01,41.93
118,0,0,2026-02,41.35
118,0,0,2026-03,37.49
118,0,0,2026-04,40.93
118,0,0,2026-05,44.02
118,0,0,2026-06,42.27
118,0,0,2026-07,44.69
118,0,0,2026-08,37.2
118,0,0,2026-09,40.72
118,0,0,2026-10,41.15
118,0,0,2026-11,38.04
118,0,0,2026-12,43.22
118,0,0,2027-01,40.18
118,0,0,2027-02,42.24
119,1,0,2023-01,41.36
119,1,0,2023-02,45.51
119,1,0,2023-03,43.01
119,1,0,2023-04,43.53
119,1,0,2023-05,42.51
119,1,0,2023-06,42.85
119,1,0,2023-07,45.76
119,1,0,2023-08,42.12
119,1,0,2023-09,39.75
119,1,0,2023-10,41.69
119,1,0,2023-11,43.78
119,1,0,2023-12,41.09
119,1,0,2024-01,46.67
119,1,0,2024-02,45.45
119,1,0,2024-03,46.86
119,1,0,2024-04,44.36
119,1,0,2024-05,41.97
119,1,0,2024-06,42.74
119,1,0,2024-07,41.1
119,1,0,2024-08,43.9
119,1,0,2024-09,42.07
119,1,0,2024-10,46.52
119,1,0,2024-11,38.21
119,1,0,2024-12,40.45
119,1,0,2025-01,42.02
119,1,0,2025-02,45.03
119,1,0,2025-03,40.57
119,1,0,2025-04,46.69
119,1,0,2025-05,45.11
119,1,0,2025-06,44.9
119,1,0,2025-07,40.1
119,1,0,2025-08,47.8
119,1,0,2025-09,38.75
119,1,0,2025-10,42.62
119,1,0,2025-11,41.49
119,1,0,2025-12,48.06
119,1,0,2026-01,39.92
119,1,0,2026-02,42.94
119,1,0,2026-03,46.47
119,1,0,2026-04,46.72
119,1,0,2026-05,34.69
119,1,0,2026-06,39.28
119,1,0,2026-07,43.55
119,1,0,2026-08,34.59
119,1,0,2026-09,37.82
119,1,0,2026-10,37.78
119,1,0,2026-11,31.24
119,1,0,2026-12,38.25
119,1,0,2027-01,37.17
119,1,0,2027-02,36.95
120,0,0,2023-01,48.99
120,0,0,2023-02,47.01
120,0,0,2023-03,41.47
120,0,0,2023-04,51.0
120,0,0,2023-05,46.57
120,0,0,2023-06,47.86
120,0,0,2023-07,46.67
120,0,0,2023-08,45.81
120,0,0,2023-09,41.13
120,0,0,2023-10,40.64
120,0,0,2023-11,45.66
120,0,0,2023-12,47.07
120,0,0,2024-01,49.03
120,0,0,2024-02,44.8
120,0,0,2024-03,46.65
120,0,0,2024-04,46.69
120,0,0,2024-05,52.19
120,0,0,2024-06,48.78
120,0,0,2024-07,46.2
120,0,0,2024-08,49.01
120,0,0,2024-09,42.52
120,0,0,2024-10,43.14
120,0,0,2024-11,47.91
120,0,0,2024-12,45.08
120,0,0,2025-01,45.26
120,0,0,2025-02,45.67
120,0,0,2025-03,55.0
120,0,0,2025-04,46.17
120,0,0,2025-05,48.28
120,0,0,2025-06,46.78
120,0,0,2025-07,50.12
120,0,0,2025-08,50.4
120,0,0,2025-09,47.56
120,0,0,2025-10,48.38
120,0,0,2025-11,42.33
120,0,0,2025-12,47.3
120,0,0,2026-01,42.49
120,0,0,2026-02,46.13
120,0,0,2026-03,48.95
120,0,0,2026-04,49.38
120,0,0,2026-05,51.22
120,0,0,2026-06,47.13
120,0,0,2026-07,56.88
120,0,0,2026-08,47.36
120,0,0,2026-09,51.57
120,0,0,2026-10,50.57
120,0,0,2026-11,46.89
120,0,0,2026-12,45.22
120,0,0,2027-01,47.13
120,0,0,2027-02,46.13
121,1,1,2023-01,43.55
121,1,1,2023-02,35.85
121,1,1,2023-03,42.76
121,1,1,2023-04,41.92
121,1,1,2023-05,43.0
121,1,1,2023-06,43.33
121,1,1,2023-07,43.08
121,1,1,2023-08,42.86
121,1,1,2023-09,37.13
121,1,1,2023-10,41.04
121,1,1,2023-11,37.97
121,1,1,2023-12,34.66
121,1,1,2024-01,42.51
121,1,1,2024-02,45.29
121,1,1,2024-03,40.27
121,1,1,2024-04,40.91
121,1,1,2024-05,45.52
121,1,1,2024-06,40.71
121,1,1,2024-07,42.85
121,1,1,2024-08,37.49
121,1,1,2024-09,35.35
121,1,1,2024-10,41.73
121,1,1,2024-11,38.72
121,1,1,2024-12,39.03
121,1,1,2025-01,42.13
121,1,1,2025-02,44.31
121,1,1,2025-03,39.39
121,1,1,2025-04,44.1
121,1,1,2025-05,42.99
121,1,1,2025-06,38.06
121,1,1,2025-07,41.64
121,1,1,2025-08,42.03
121,1,1,2025-09,42.27
121,1,1,2025-10,40.01
121,1,1,2025-11,39.5
121,1,1,2025-12,44.42
121,1,1,2026-01,43.67
121,1,1,2026-02,37.42
121,1,1,2026-03,41.65
121,1,1,2026-04,38.37
121,1,1,2026-05,36.64
121,1,1,2026-06,41.51
121,1,1,2026-07,43.87
121,1,1,2026-08,37.55
121,1,1,2026-09,34.44
121,1,1,2026-10,34.47
121,1,1,2026-11,34.31
121,1,1,2026-12,34.81
121,1,1,2027-01,35.11
121,1,1,2027-02,31.32
122,0,0,2023-01,36.65
122,0,0,2023-02,30.71
122,0,0,2023-03,32.07
122,0,0,2023-04,29.43
122,0,0,2023-05,32.07
122,0,0,2023-06,33.95
122,0,0,2023-07,29.1
122,0,0,2023-08,34.43
122,0,0,2023-09,32.1
122,0,0,2023-10,29.49
122,0,0,2023-11,35.04
122,0,0,2023-12,27.02
122,0,0,2024-01,32.1
122,0,0,2024-02,33.09
122,0,0,2024-03,34.02
122,0,0,2024-04,41.37
122,0,0,2024-05,35.18
122,0,0,2024-06,33.89
122,0,0,2024-07,34.05
122,0,0,2024-08,31.98
122,0,0,2024-09,30.48
122,0,0,2024-10,33.76
122,0,0,2024-11,30.29
122,0,0,2024-12,31.34
122,0,0,2025-01,28.72
122,0,0,2025-02,35.32
122,0,0,2025-03,39.02
122,0,0,2025-04,32.9
122,0,0,2025-05,37.98
122,0,0,2025-06,30.3
122,0,0,2025-07,31.91
122,0,0,2025-08,36.98
122,0,0,2025-09,37.16
122,0,0,2025-10,33.51
122,0,0,2025-11,27.24
122,0,0,2025-12,29.45
122,0,0,2026-01,33.14
122,0,0,2026-02,35.2
122,0,0,2026-03,33.42
122,0,0,2026-04,32.16
122,0,0,2026-05,33.19
122,0,0,2026-06,37.97
122,0,0,2026-07,28.87
122,0,0,2026-08,34.26
122,0,0,2026-09,29.48
122,0,0,2026-10,37.13
122,0,0,2026-11,30.53
122,0,0,2026-12,30.95
122,0,0,2027-01,33.69
122,0,0,2027-02,34.86
